word,positive,objective,negative
وفور,0.5,0.25,0.25
وافر,0.75,0.25,0
به انجام رساندن,0.25,0.75,0
کارکرد,0.75,0.25,0
دقيق,0.75,0.25,0
صورت پذير,0.25,0.75,0
کار بزرگ,0.875,0.125,0
قابل تصحيح,0.25,0.75,0
ستودني,0.875,0.125,0
تحسين,0.75,0.25,0
پسنديدن,0.25,0.75,0
قابل پرستش,0.75,0.25,0
پرستيدن,0.875,0.125,0
مفيد بودن,0.25,0.75,0
علاقه,0.25,0.75,0
عاطف,0.25,0.75,0
ايجاب,0.25,0.75,0
مبت,0.875,0.125,0
از عهده برآمدن,0.75,0.25,0
سبکبالي,0.75,0.25,0
نوعدوستانه,0.75,0.25,0
مبهوت کردن,0.25,0.75,0
بهت زده,0.125,0.5,0.375
سرگشتگي,0.875,0.125,0
شگفت انگيز,0.875,0.125,0
تفريح دادن,0.75,0.25,0
جذابيت,0.75,0.25,0
تقدير کردن,0.875,0.125,0
موافقت,0.375,0.625,0
روا داشتن,0.875,0.125,0
اطمينان,0.75,0.25,0
مطمئن کردن,0.25,0.75,0
گيج,0,0.625,0.375
تحيرآور,0.75,0.25,0
مواظب,0.75,0.25,0
فريبنده,0,0.5,0.5
شنيدني,0.25,0.75,0
قابل دريافت,0.25,0.75,0
اعطا کردن,0.75,0.25,0
هيبت,0.25,0.75,0
خوف زده,0.25,0.75,0
معامله,0.25,0.75,0
پري پيکر,0.75,0.25,0
وجاهت,0.75,0.25,0
صاحب کرم,0.875,0.125,0
سود بردن,0.75,0.25,0
نيک خواهي,0.75,0.25,0
خير,0.875,0.125,0
بهين,0.75,0.25,0
احري,0.25,0.75,0
مبارک خواندن,0.875,0.125,0
شکوفه دادن,0.75,0.25,0
سودقرضه,0.75,0.25,0
شکوفايي,0.75,0.25,0
جوان مرد,0.875,0.125,0
بي جاني,0,0.375,0.625
بادملايم,0.25,0.75,0
زرنگ,0.375,0.25,0.375
فروزنده,0.75,0.25,0
برادر وار,0.875,0.125,0
تسلي بخش,0.875,0.125,0
متانت,0.875,0.125,0
قابل,0.25,0.75,0
اسير کردن,0.875,0.125,0
فارغ بال,0.375,0.625,0
عيد گرفتن,0.375,0.25,0.375
مشهور,0.75,0.25,0
برگزاري جشن,0.875,0.125,0
جذبه روحاني,0.75,0.25,0
مسحور کردن,0.875,0.125,0
فريادوهلهله آفرين,0.875,0.125,0
دلباز,0.875,0.125,0
با ل بشاشت,0.875,0.125,0
ورزيدن,0.25,0.75,0
شيک,0.25,0.75,0
سلحشوري,0.75,0.25,0
نزاکت,0.25,0.75,0
روشني,0.75,0.25,0
درجه يک,0.75,0.25,0
صريح,0.75,0.25,0
زداينده,0.25,0.75,0
نظافت,0.75,0.25,0
ناقلا,0.75,0.25,0
رنگي,0.25,0.75,0
مايه تسلي,0.75,0.25,0
مرفه الحال,0.25,0.75,0
براحتي,0.25,0.75,0
قابل تعريف,0.875,0.125,0
سرسپردگي,0.25,0.75,0
غم خوار,0.75,0.25,0
تعارف,0.75,0.25,0
دلگرم,0.75,0.25,0
شادباش گفتن,0.875,0.125,0
تبريک,0.75,0.25,0
خرسندي,0.75,0.25,0
اعانه,0.75,0.25,0
راحتي,0.875,0.125,0
بي دغدغه,0.75,0.25,0
سديد,0.75,0.25,0
دلاور,0.75,0.25,0
مبادي آداب,0.75,0.25,0
ميثاق بستن,0.75,0.25,0
گرم ونرم,0.75,0.25,0
خلاق,0.75,0.25,0
چاره,0,0.375,0.625
تي تيش ماماني,0.75,0.25,0
بي واهمه,0.875,0.125,0
شکست دادن,0,0.375,0.625
منهزم,0,0.375,0.625
ظريف,0.75,0.25,0
خوشمزه,0.875,0.125,0
به وجد آوردن,0.875,0.125,0
شهي,0.875,0.125,0
آرزومندانه,0.875,0.125,0
تقدير,0,0.5,0.5
عابد,0.75,0.25,0
ابهت,0.875,0.125,0
پشت کار,0.75,0.25,0
مجدانه,0.25,0.75,0
فرقان,0.875,0.125,0
خدايي,0.25,0.75,0
شلاق خور,0.75,0.25,0
شوق,0.75,0.25,0
آسودگي,0.875,0.125,0
روان,0.25,0.75,0
بيخودي,0.75,0.25,0
بي خود,0.75,0.25,0
کارآنه,0.75,0.25,0
برافراشته,0.875,0.125,0
سرفرازي,0.875,0.125,0
شير کردن,0.25,0.75,0
افسون گري,0.875,0.125,0
تشجيع کردن,0.875,0.125,0
قوت قلب,0.875,0.125,0
ترغيبي,0.25,0.75,0
فعال,0.75,0.25,0
لذت بردني,0.875,0.125,0
روشنفکر,0.875,0.125,0
روح دادن,0.75,0.25,0
به قدرکفايت,0.75,0.25,0
غنا,0.25,0.75,0
شيفته,0.875,0.125,0
حرارت,0.75,0.25,0
باحميت,0.75,0.25,0
به امانت سپردن,0.25,0.75,0
غبته آور,0.375,0.5,0.125
حسادت ورزيدن,0,0.375,0.625
مشاط,0.875,0.125,0
جاودان,0.75,0.25,0
متعال کردن,0.875,0.125,0
فضيلت,0.75,0.25,0
بسيار خوب,0.75,0.25,0
استثنايي,0.25,0.75,0
تهييج شدن,0.75,0.25,0
هيجان,0.75,0.25,0
باهيجان,0.875,0.125,0
شادمان کردن,0.875,0.125,0
روح افزا,0.625,0.25,0.125
ارتقا دادن,0.25,0.75,0
فرط فيض,0.875,0.125,0
باانصاف,0.75,0.25,0
حق بيني,0.875,0.125,0
کيش,0.25,0.75,0
مومن,0.75,0.25,0
وفاداري,0.75,0.25,0
آوازه,0.75,0.25,0
قوه مخيله,0.5,0.125,0.375
فريبندگي,0.5,0.125,0.375
سريع السير,0.25,0.75,0
مساعد,0.875,0.125,0
التفات,0.75,0.25,0
بي باکانه,0.875,0.125,0
فتح نمايان,0.75,0.25,0
بزمي,0.875,0.125,0
مهيج,0.75,0.25,0
تملق گفتن,0,0.5,0.5
انحناء پذيري,0.75,0.25,0
نشو و نما کردن,0.25,0.75,0
انس گرفته,0.25,0.75,0
مال انديشي,0.25,0.75,0
اقبال,0.75,0.25,0
سمنبر,0.75,0.25,0
آزاد کردن,0.25,0.75,0
آزادي,0.75,0.25,0
خوش مشربي,0.875,0.125,0
محبانه,0.875,0.125,0
انجام,0.25,0.75,0
تفريح,0.75,0.25,0
انتفاع,0.75,0.25,0
بخشيدگي,0.75,0.25,0
لوطي,0.75,0.25,0
سليم الطبع,0.5,0.25,0.25
بدون تصنع,0.75,0.25,0
شادمان,0.875,0.125,0
خوشحال کردن,0.875,0.125,0
خشنودي,0.875,0.125,0
تلالو,0.75,0.25,0
تابيدن,0.75,0.25,0
زري,0.25,0.75,0
نيک,0.875,0.125,0
نيکمردي,0.75,0.25,0
سر قفلي,0.5,0.125,0.375
با جلوه,0.75,0.25,0
زينت دادن,0.875,0.125,0
شکرگزار,0.875,0.125,0
سربلندي,0.875,0.125,0
سپاس,0.875,0.125,0
هنگفت,0.25,0.5,0.25
عظما,0.75,0.25,0
مجد,0.875,0.125,0
خنده نيشي,0.25,0.25,0.5
گارانتي,0.75,0.25,0
سوي ديگر بردن,0.25,0.125,0.375
سهل الاستعمال,0.75,0.25,0
شاديانه,0.875,0.125,0
شادکامي,0.875,0.125,0
خوشبخت,0.875,0.125,0
همسازي,0.875,0.125,0
خوب کردن,0.75,0.25,0
صحت بخش,0.75,0.25,0
صحيح,0.75,0.25,0
دل دادن,0.25,0.75,0
قلبي,0.75,0.25,0
سماوي,0.75,0.25,0
کمک کننده,0.875,0.125,0
منزه وپاکدامن,0.75,0.25,0
درستکار,0.75,0.25,0
رادمردي,0.875,0.125,0
گرامي داشتن,0.875,0.125,0
اميدوار,0.875,0.125,0
غريب نواز,0.75,0.25,0
عاجزانه,0.5,0.25,0.25
بي تکلفي,0.75,0.25,0
خلط,0.25,0.75,0
آرمان,0.5,0.25,0.25
لاف زن,0.5,0.25,0.25
صنم قرار دادن,0.5,0.25,0.25
پرپندار,0.75,0.25,0
در ذهن جاگير کردن,0.75,0.25,0
بهبودي دادن,0.75,0.25,0
ارزان قيمت,0.75,0.25,0
نوآورده,0.25,0.75,0
وحي,0.875,0.125,0
دم فرو بردن,0.75,0.25,0
قابل استفاده,0.25,0.75,0
درايت,0.75,0.25,0
باشعور,0.875,0.125,0
مفهوم,0.25,0.75,0
محرميت,0,0.75,0.25
هم رائ,0.75,0.25,0
دوز و کلک زدن,0,0.375,0.625
نيرو دادن,0.75,0.25,0
شنگ,0.875,0.125,0
خوشي,0.75,0.25,0
طربناک,0.875,0.125,0
تيز,0.25,0.75,0
تيزي,0.25,0.75,0
مرحمت,0.875,0.125,0
تفقد,0.5,0.25,0.25
باعلم,0.875,0.125,0
تمجيد کردن,0.75,0.25,0
حلال,0.5,0.5,0
هدايت کردن,0.75,0.25,0
اساطيري,0.75,0.25,0
سبک سري,0.875,0.125,0
حريت,0.75,0.25,0
همانند,0.25,0.75,0
منطقي,0.75,0.25,0
نازنين,0.875,0.125,0
فاسق,0,0.25,0.75
پا برجاي,0.75,0.25,0
صداقت,0.875,0.125,0
نيک اختر,0.75,0.25,0
تجمل,0.5,0.25,0.25
غنا,0.75,0.25,0
سحر آميز,0.75,0.25,0
شاهانه,0.5,0.25,0.25
شگفت داشتن,0.875,0.125,0
سرور,0.75,0.25,0
سر رسيد,0.25,0.75,0
معني دار,0.25,0.75,0
رحمhن,0.75,0.25,0
اعتدال,0.875,0.125,0
شايسته بودن,0.75,0.25,0
درويشي,0.75,0.25,0
آقامنش,0.75,0.25,0
قوت دادن,0.25,0.75,0
تغذي,0.75,0.25,0
تازگي,0.25,0.75,0
عقده روحي,0.25,0,0.75
خوش بيني,0.875,0.125,0
خوش بينانه,0.875,0.125,0
نظم,0.75,0.25,0
عقب گذاشتن,0,0.375,0.625
نازپرورده کردن,0,0.75,0.25
رضوان,0.75,0.25,0
بخشش,0.75,0.25,0
سودا,0.75,0.25,0
صابر,0.75,0.25,0
امان,0.75,0.25,0
صلح دوست,0.875,0.125,0
مسالمت آميز,0.875,0.125,0
تمام عيار,0.75,0.25,0
بي عيب,0.75,0.25,0
منتهي درجه,0.75,0.25,0
مفرح,0.75,0.25,0
خوشوقت,0.875,0.125,0
دلگشا,0.875,0.125,0
کيفي,0.5,0.5,0
نعيم,0.75,0.25,0
قابل انتقال,0.25,0.75,0
مقتدرانه,0.75,0.25,0
درود,0.25,0.75,0
پر ارزش,0.75,0.25,0
ترجيح دادن,0.875,0.125,0
قدر ومنزلت,0.75,0.25,0
دلپذير,0.75,0.25,0
برتني,0.25,0.5,0.25
مغتنم شمردن,0.25,0.75,0
بار آور,0.875,0.125,0
عميق,0.25,0.75,0
پيشروي کردن,0.75,0.25,0
موعود,0.75,0.25,0
عاجل,0.25,0.75,0
عمران,0.75,0.25,0
صيانت کردن,0.75,0.25,0
وقايه,0.25,0.75,0
حفاضي,0.875,0.125,0
وقت شناس,0.875,0.125,0
خالص,0.5,0.25,0.25
واجد شرايط شدن,0.25,0.75,0
خاموش,0.25,0.25,0.5
پرتو افکن,0.5,0.25,0.25
سريع,0.25,0.75,0
عقلاني,0.75,0.25,0
خواندني,0.25,0.75,0
روبراه,0.25,0.75,0
اطمينان مجدد,0.75,0.25,0
دوباره اطمينان دادن,0.875,0.125,0
توصيه کردن,0.75,0.25,0
تجويز,0.25,0.75,0
آشتي کردن,0.25,0.75,0
تجديد نيرو کردن,0.25,0.75,0
تشخيص دادن,0.25,0.75,0
خوشحالي کردن,0.875,0.125,0
شادي,0.875,0.125,0
معتبر,0.75,0.25,0
تسکين,0.75,0.25,0
رغبت,0.375,0.625,0
بهبودي بيماري,0.75,0.25,0
نام آوري,0.75,0.25,0
عرض,0,1,0
راحتی بخش,0.75,0.25,0
احترام گذاردن,0.75,0.25,0
تکريم,0.75,0.25,0
احتراماً,0.875,0.125,0
شورش طلب,0.75,0.25,0
مژدگاني,0.75,0.25,0
خرپولي,0.5,0.25,0.25
يمين,0.25,0.75,0
حقه,0,0.25,0.75
قوی هيکل,0.75,0.25,0
خيالپرست,0,0.125,0.875
ايمن,0.75,0.25,0
مقدس شمردن,0.75,0.25,0
مرضي اطرفين,0.125,0.5,0.375
رضامند,0.875,0.125,0
خشنود کردن,0.75,0.25,0
اقناع,0.625,0.25,0.125
بامنظره,0.25,0.75,0
امن,0.75,0.25,0
ارضاء نفس,0.625,0.25,0.125
آب و تاب,0.25,0.75,0
حسي,0.75,0.25,0
متين,0.125,0.5,0.375
حشري,0,0.75,0.25
پرنور,0.25,0.75,0
خالصانه,0.75,0.25,0
زبر دستي,0.25,0.75,0
عامل,0.75,0.25,0
زبده,0.75,0.25,0
تبسم کردن,0.75,0.25,0
قابل معاشرت,0.75,0.25,0
لمس,0,1,0
دل بدست آوردن,0.75,0.25,0
فراخ,0.25,0.75,0
چشمگير,0.25,0.75,0
روحاني,0.25,0.75,0
اصطبل,0,0.75,0.25
انگيختن,0.25,0.75,0
سرراست,0.75,0.25,0
محکم,0.25,0.75,0
کامراني,0.75,0.25,0
کافي,0.25,0.75,0
اعلاء,0.75,0.25,0
مافوق,0.75,0.25,0
نگاهداري,0.25,0.75,0
بازماندگي,0.25,0.75,0
شيرين,0.75,0.25,0
حلاوت,0.75,0.25,0
تکاور,0.75,0.25,0
موهبت,0.75,0.25,0
شکر گذاردن,0.75,0.25,0
فکور,0.75,0.25,0
غلغلک,0.25,0.5,0.25
ميتيل,0.25,0.75,0
بگاه,0.75,0.25,0
سوزش کردن,0,0.75,0.25
باهمي,0.25,0.75,0
راس,0,1,0
گنجينه,0.25,0.75,0
پيروزي,0.875,0.125,0
منصور,0.875,0.125,0
نشان ظفر,0.75,0.25,0
صديق,0.25,0.75,0
بي حد,0.75,0.25,0
متعال ساختن,0.875,0.125,0
پر استفاده,0.25,0.75,0
پربها,0.75,0.25,0
گوناگوني,0,1,0
تکريم کردن,0.875,0.125,0
مرتعش,0,1,0
خاصيت,0,1,0
خونگرم,0.75,0.25,0
مستغني,0.25,0.75,0
پيشواز,0.25,0.75,0
فاتح شدن,0.75,0.25,0
برنده بازي,0.75,0.25,0
خردمندي,0.75,0.25,0
مدبر,0.75,0.25,0
متعجب شدن,0.25,0.75,0
ارج,0.875,0.125,0
حميت,0.875,0.125,0
سمت الراس,0,1,0
مکروه دانستن,0,0.125,0.875
عمل شنيع,0,0.125,0.875
ساقط,0,0.75,0.25
بي مقدمه,0,0.875,0.125
نبودن,0,0.25,0.75
سوء استفاده,0,0.875,0.125
افترا زدن,0,0.25,0.75
تند,0,0.875,0.125
مبتلا کردن,0,0.875,0.125
نکبت,0,0.25,0.75
ابتلاء,0,0.25,0.75
ترسان,0,0.25,0.75
تشديد,0,0.125,0.875
دراز دست,0,0.25,0.75
رنج,0,0.25,0.75
نقاهت,0.25,0.75,0
اعلان خطر,0,0.375,0.625
بيگانه کردن,0,0.125,0.875
بيگانه سازي,0,0.125,0.875
دليل آوردن,0.25,0.75,0
مجادله,0,0.375,0.625
بي قانوني,0,0.25,0.75
قهر,0,0.25,0.75
خشمگينانه,0,0.25,0.75
تب و تاب,0,0.125,0.875
کين,0,0.125,0.875
رنجاندن,0,0.125,0.875
آزردگي,0,0.125,0.875
دلخور,0,0.125,0.875
اصل مخالف,0,0.125,0.875
هم نبرد,0,0.25,0.75
خوف,0,0.25,0.75
بي احساس,0,0.25,0.75
تشويش خاطر,0,0.25,0.75
خود خور,0,0.25,0.75
با نگراني,0,0.25,0.75
تکبر,0,0.125,0.875
سردرپيش,0,0.25,0.75
يورش,0,0.25,0.75
تک,0,0.875,0.125
جسور,0.5,0.5,0
بي باکي,0,0.375,0.625
مستبد,0,0.25,0.75
زياده جو,0,0.125,0.875
بدآمدن,0,0.125,0.875
غير استادانه,0,0.25,0.75
تيشه,0,1,0
پشت درد,0,0.25,0.75
دست پاچگي,0,0.25,0.75
تدليس کردن,0,1,0
کج خلقي,0,0.125,0.875
متحارب,0,0.125,0.875
خم,0,1,0
افشاء کردن,0,0.875,0.125
خيانت,0,0.25,0.75
ملتفت بودن,0.125,0.875,0
گيج کردن,0,0.375,0.625
گيجي,0,0.25,0.75
افسون کردن,0,0.375,0.625
طرفدارانه,0,0.25,0.75
سرسختي درعقيده,0,0.875,0.125
تلخي,0,0.25,0.75
باج سبيل,0,1,0
نکوهش,0,0.25,0.75
ضرير,0,0.25,0.75
آبدانک دار کردن,0,0.25,0.75
سفک دماء,0,0.25,0.75
خونين,0,0.25,0.75
نفخه,0,0.25,0.75
بي پرده,0,0.875,0.125
تيره و تار,0,0.875,0.125
بمباران کردن,0,0.25,0.75
مو,0,1,0
خستگي,0,0.25,0.75
مصدع شدن,0,0.125,0.875
شستشوي مغزي,0,0.25,0.75
کف شير,0,0.875,0.125
نقض کردن,0,0.25,0.75
بهم زدن,0,0.875,0.125
مکسر,0,0.25,0.75
کوفتگي,0,0.25,0.75
جوجو,0,1,0
زرشک,0,1,0
سربار,0,0.875,0.125
محترق شدن,0,0.875,0.125
ويل,0,0.875,0.125
راس السرطان,0,1,0
چپه کردن,0,0.25,0.75
بي دقت,0,0.75,0.25
مصيبت,0,0.25,0.75
زاغه,0,0.875,0.125
غم وغصه,0,0.25,0.75
فريب,0,0.25,0.75
سرد کردن,0.5,0.5,0
ساسات,0,1,0
سروصدا,0,0.375,0.625
بهم خوردن,0,0.875,0.125
گرفتگي,0,0.25,0.75
درشت,0,1,0
چاييمان,0,0.25,0.75
فرو ريختن,0,0.25,0.75
خنده آور,0.25,0.25,0.5
اظهار تاسف کردن,0,0.875,0.125
هياهو,0,0.25,0.75
خوشنود,0.75,0.25,0
گله کردن,0,0.25,0.75
پيچيدگي,0,0.25,0.75
نخوت,0,0.375,0.625
مربوط بودن,0,0.875,0.125
اقرار به جرم,0,0.25,0.75
نبرد,0,0.25,0.75
رويارویي,0,0.875,0.125
نامنظم کردن,0,0.875,0.125
ملتبس,0,0.875,0.125
تبلبل,0,0.25,0.75
بهت وحيرت,0,0.25,0.75
واگيردار,0,0.25,0.75
استحقار,0,0.125,0.875
مغايرت,0,0.25,0.75
گزاف,0,0.875,0.125
پر طمع,0,0.125,0.875
بي حميت,0,0.25,0.75
گرفتگي عضلات,0,0.25,0.75
نوعي قمار,0,0.375,0.625
برخورد کردن,0,0.25,0.75
شوريده مغز,0,0.25,0.75
خزيدن,0,0.75,0.25
خلاف,0,0.25,0.75
تبهکار,0,0.25,0.75
چندک زدن,0,0.25,0.75
عاجز,0,0.25,0.75
منتقدانه,0,0.25,0.75
انبوه,0.125,0.875,0
سخت دلي,0,0.25,0.75
خرد شدن,0,1,0
فرياد,0,0.875,0.125
ناسزا گفتن,0,0.25,0.75
غرامت,0.375,0.625,0
نفرين کردن,0,0.25,0.75
تيره,0,0.25,0.75
تاري,0,0.25,0.75
فقيد,0.5,0.5,0
هلاهل,0,0.25,0.75
ناشنوا,0,0.25,0.75
هلاکت,0,0.25,0.75
دين,0.75,0.25,0
فاسد شدن,0,0.25,0.75
امتناع کردن,0,0.25,0.75
فرتوتي,0,0.25,0.75
سعايت,0.375,0.25,0.375
عيب,0,0.375,0.625
تدافعي,0.5,0.25,0.25
ناقص الخلقه,0,0.25,0.75
محزون ومغموم,0,0.125,0.875
غره,0.5,0.5,0
رفتار کردن,0,1,0
عفريت,0,0.25,0.75
تضعيف روحيه کردن,0,0.125,0.875
رد,0,0.25,0.75
انکار کردن,0.25,0.25,0.5
زار,0,0.125,0.875
دلسرد شدن,0,0.5,0.5
گود شدگي,0,0.125,0.875
سخريه,0,0.875,0.125
خراب,0,0.25,0.75
نااميد,0,0.25,0.75
نوميد,0,0.25,0.75
استيصال,0,0.875,0.125
شنيع,0,0.25,0.75
حقير شمردن,0,0.125,0.875
تنگ دلي,0,0.75,0.25
نابود ساختن,0,0.25,0.75
ناو شکن,0,1,0
عدول,0,0.625,0.375
شيطان,0,0.25,0.75
ديکتاتور,0,0.25,0.75
سرسکه,0.25,0.5,0.25
گرفتاري,0,0.875,0.125
حيص و بيص,0,0.875,0.125
شوم,0,0.25,0.75
نجس,0,0.25,0.75
عاجز کردن,0,0.125,0.875
اختلاف داشتن,0,0.25,0.75
تخالف,0,0.375,0.625
مايوس کردن,0,0.25,0.75
مايوس,0,0.25,0.75
دلشکستگي,0,0.25,0.75
نپسنديدن,0,0.25,0.75
مصيبت آميز,0,0.25,0.75
ناباوري,0,0.875,0.125
ايجاد اشکال کردن,0,0.5,0.5
ناراحتي,0,0.25,0.75
مضطرب ساختن,0,0.25,0.75
نفاق,0,0.125,0.875
از رغبت انداختن,0,0.25,0.75
دلسردي,0,0.25,0.75
تبعيض,0,0.25,0.75
ننگ داشتن,0,0.125,0.875
شرمساري,0,0.125,0.875
رسوا,0,0.25,0.75
تنفر,0,0.25,0.75
ضجور,0,0.75,0.25
نفرت آور,0,0.125,0.875
بي جرات کردن,0,0.25,0.75
رندي,0,0.25,0.75
ننگين کردن,0,0.25,0.75
عدم تمايل,0,0.125,0.875
بي تمايل,0,0.75,0.25
متلاشي کردن,0,0.25,0.75
نمک بحرام,0,0.25,0.75
ملالت انگيز,0,0.125,0.875
مغشوش,0,0.875,0.125
افسرده کردن,0,0.125,0.875
ناخشنود کردن,0,0.125,0.875
رنجش,0,0.125,0.875
ناديده پنداشتن,0,0.75,0.25
بي احترامي کردن,0,0.25,0.75
بد مزه,0,0.125,0.875
پريشان کردن,0,0.25,0.75
پريشاني,0,0.25,0.75
اضطرار,0,0.125,0.875
متاثر,0,0.25,0.75
پريشان کننده,0,0.25,0.75
عدم اعتماد,0,0.125,0.875
آشفته کردن,0,0.25,0.75
غائله,0,0.125,0.875
زن شلخته,0,0.25,0.75
باتورگرفتن,0,0.875,0.125
زير آب,0,0.875,0.125
موحش,0,0.25,0.75
مايه افسردگي,0,0.25,0.75
خشکسال,0,0.125,0.875
خماري,0,0.25,0.75
کند ذهن,0,0.25,0.75
هاج و واج,0,0.375,0.625
تمثال,0,0.875,0.125
آبرو ريختن,0,0.25,0.75
رودربايستي,0,0.25,0.75
اضطراري,0,0.25,0.75
موکد,0,0.875,0.125
به مخاطره انداختن,0,0.25,0.75
معاند,0,0.25,0.75
آتشي,0,0.75,0.25
حسود,0,0.125,0.875
همه گير,0,0.125,0.875
گمراه شدن,0,0.25,0.75
طفره آميز,0,0.375,0.625
شر,0,0.25,0.75
بدتر کردن,0,0.125,0.875
اغراق کردن,0,0.25,0.75
جري کردن,0,0.125,0.875
اوقات تلخ,0,0.125,0.875
معذرت خواستن,0.75,0.25,0
بي حالي,0,0.25,0.75
سپري شدن,0,1,0
ترکيدن,0,0.75,0.25
انفجاري,0,0.75,0.25
براندازي,0,0.25,0.75
فرو نشاندن,0,0.875,0.125
زياده ستاني,0,0.875,0.125
ولخرج,0,0.25,0.75
رفوزه کردن,0,0.25,0.75
اعسار,0,0.25,0.75
کم نور,0,0.875,0.125
بي وفا,0,0.25,0.75
جازده,0,0.25,0.75
خريف,0,0.25,0.75
بي حقيقت,0,0.25,0.75
ناراستي,0,0.25,0.75
قحط وغلا,0,0.25,0.75
مسخره آميز,0,0.25,0.75
هراس کردن,0,0.25,0.75
خوفناک,0,0.25,0.75
تب دار,0,0.25,0.75
لول خوري,0,0.25,0.75
سبع,0,0.25,0.75
کثيف,0,0.25,0.75
شعله,0,0.875,0.125
پا به فرار گذاردن,0,0.25,0.75
عشوه گر,0.5,0.25,0.25
عدو,0,0.25,0.75
ابله,0,0.875,0.125
بي خردانه,0,0.25,0.75
نفرت انگيز,0,0.125,0.875
اجبارا,0,0.875,0.125
ضبط شده,0.25,0.5,0.25
نسيان,0,0.875,0.125
مهجور,0,0.125,0.875
ناجوانمردانه,0,0.25,0.75
بي بنيه,0,0.25,0.75
ديوانه وار,0,0.25,0.75
مالش,0,1,0
رم دادن,0,0.25,0.75
هراسانيدن,0,0.25,0.75
وحشت انگيز,0,0.25,0.75
سرما زدن,0,0.875,0.125
جبين درهم کشيدن,0,0.25,0.75
نااميد کردن,0,0.25,0.75
بيچاره کردن,0,0.25,0.75
محروم سازي,0,0.375,0.625
سپوختن,0,0.875,0.125
بيداد راه انداختن,0,0.25,0.75
باغضب حرف زدن,0,0.25,0.75
غيظي,0,0.125,0.875
عصبانيت,0,0.875,0.125
باطل,0,0.25,0.75
زرد آب,0,0.125,0.875
آشغال,0,0.25,0.75
چرب زبان,0,0.25,0.75
عبوس بودن,0,0.25,0.75
سيراب کردن,0,0.875,0.125
خطا کردن,0,0.25,0.75
سخن چيني,0,0.25,0.75
پيوند کردن,0,0.875,0.125
دندان گرد,0,0.25,0.75
اندوه,0,0.125,0.875
تظلم,0,0.125,0.875
ماتم داشتن,0,0.125,0.875
سوگوار,0,0.125,0.875
اندوه آورد,0,0.125,0.875
عبوسانه,0,0.125,0.875
شکلک,0,1,0
آسياب شدن,0,1,0
ترشرو,0,0.125,0.875
لج,0,0.125,0.875
وحشت آور,0,0.25,0.75
حرج,0,0.25,0.75
مقصر,0,0.25,0.75
نويسنده مزدور,0,0.25,0.75
بي نتيجه کردن,0,0.25,0.75
فلج,0,0.5,0.5
به ستوه آوري,0,0.125,0.875
بادوام نمودن,0,0.75,0.25
دل سخت,0,0.25,0.75
مرارت,0,0.25,0.75
موذيانه,0,0.25,0.75
با شتاب رفتن,0,0.875,0.125
متنفر بودن,0,0.25,0.75
کينه آميز,0,0.125,0.875
حقد,0,0.125,0.875
ماجرا,0,0.875,0.125
مخاطره آميز,0,0.25,0.75
دردسر,0,0.25,0.75
بي عشق,0,0.25,0.75
عالم اموات,0,0.25,0.75
ناچاري,0,0.125,0.875
احتکار کردن,0,0.875,0.125
جوف,0,0.25,0.75
بي اميد,0,0.25,0.75
نااميدي,0,0.25,0.75
به بيم انداختن,0,0.25,0.75
هراسناک,0,0.25,0.75
شخص گروي,0,0.25,0.75
خصمانه,0,0.125,0.875
عمليات خصمانه,0,0.125,0.875
زرزر,0,0.875,0.125
حقير کردن,0,0.25,0.75
تحقير آميز,0,0.25,0.5
احساس حقارت,0,0.125,0.875
پر آزار,0,0.25,0.75
رياکار,0,0.25,0.75
ننگ آور,0,0.25,0.75
ناداني,0,0.25,0.75
نا مشروع,0,0.25,0.75
ناخوشي,0,0.25,0.75
تجسمي,0,0.875,0.125
عدم توازن,0,0.25,0.75
نا رسيده,0,0.25,0.75
غير اخلاقي,0,0.25,0.75
استوار,0.5,0.5,0
بي قراري,0,0.875,0.125
بي طاقت,0,0.25,0.75
القاء,0,1,0
وارد آوردن,0,1,0
ممتنع,0,1,0
خانه خراب کردن,0,0.25,0.75
زندان کردن,0,0.25,0.75
حبس,0,0.5,0
عود,0,1,0
با اصرار وادار کردن,0,0.25,0.75
بي تصيمي,0,0.25,0.75
سهل انگاري,0,0.375,0.625
بي ظرفيتي,0,0.25,0.75
قريب الوقوع,0,1,0
سرايت مرض,0,0.25,0.75
درجه دوم,0,0.875,0.125
ملتهب کردن,0,0.25,0.75
خشمگين کردن,0,0.125,0.875
به خشم آوردن,0,0.125,0.875
ناسپاسي,0,0.25,0.75
دشمنانه,0,0.125,0.875
جراحت,0,0.5,0.5
بي عدالتي,0,0.25,0.75
مجنون,0,0.125,0.875
غيرمحفوظ,0,0.25,0.75
تزلزل,0,0.25,0.75
اهانت کردن,0,0.25,0.75
شديد,0,0.75,0.25
ايجاد وقفه,0,0.75,0.25
مرعوب ساختن,0,0.25,0.75
ترهيب,0,0.25,0.75
کيف دادن,0.5,0.5,0
غير عمدي,0,0.25,0.75
تند مزاج,0.125,0.5,0.375
طعن,0,0.25,0.75
يبوست,0,0.25,0.75
رنجيده,0,0.125,0.875
منفرد کردن,0,0.875,0.125
متروک,0,0.875,0.125
کناره جوي,0,0.875,0.125
موضوع,0,1,0
هو کردن,0,0.25,0.75
مخاطره,0,0.25,0.75
هزل,0,0.5,0.5
تلق تلق,0,0.875,0.125
آدم کش,0,0.875,0.125
چاقو زدن,0,0.25,0.75
درزدن,0,1,0
فاقد بودن,0,0.25,0.75
چاکري کردن,0,0.875,0.125
لنگ,0,0.875,0.125
نوحه کردن,0.25,0.5,0.25
بي حال,0,0.375,0.625
فتور,0,0.375,0.625
شهوت انگيز,0.375,0.375,0.25
نشت کردن,0,0.25,0.75
نگاه کج کردن,0,0.25,0.75
مرگ آور,0,0.25,0.75
دروغ باف,0,0.25,0.75
کذب,0,0.25,0.75
موات,0,0.125,0.875
محدوديت قائل شدن,0,0.25,0.75
شليدن,0,0.25,0.75
کبود شده,0,0.125,0.875
سبب بيزاري,0,0.25,0.75
غريبي,0,0.25,0.75
تنها,0,0.25,0.75
ميل وافر,0.5,0.5,0
باختن,0,0.25,0.75
زيان,0,0.25,0.75
پر طمطراق,0,0.875,0.125
اکبيري,0,0.25,0.75
ديوانه شدن,0,0.25,0.75
شيدائي,0.75,0.25,0
فاسد شدگي,0,0.25,0.75
کج انديش,0,0.125,0.875
بدنهادي,0,0.25,0.75
تياري کردن,0,0.25,0.75
شهادت,0,0.875,0.125
فلز شناسي,0,0.875,0.125
متوسط,0,0.875,0.125
سودا زدگي,0,0.25,0.75
چشم زهر گرفتن,0,0.25,0.75
کوتوله,0,0.5,0.5
سوء رفتار,0,0.25,0.75
موذيگري,0,0.25,0.75
بد روزگار,0,0.125,0.875
عدم اطمينان,0.5,0.375,0.125
به اشتباه انداختن,0,0.25,0.75
مادمازل,0.5,0.5,0
کدبانو,0.5,0.5,0
بدگماني,0,0.25,0.75
بد فهميدن,0,0.25,0.75
لابه کردن,0,1,0
تمسخر کردن,0,0.25,0.75
دست مالي کردن,0,0.75,0.25
بي تنوعي,0,0.875,0.125
افسرده بودن,0,0.25,0.75
رياضت,0,0.25,0.75
رياضت دادن,0,0.25,0.75
جامه ماتم پوشيدن,0,0.125,0.875
عزادار,0,0.125,0.875
کشتن,0,0.25,0.75
اسراراميز,0.125,0.875,0
راز,0,1,0
رمزي کردن,0,0.875,0.125
بلا,0,0.25,0.75
تهوع پيدا کردن,0,0.125,0.875
تهوع آور,0,0.125,0.875
نفي,0,0.25,0.75
سلبي,0,0.25,0.75
غفلت,0,0.25,0.75
عصبي,0,0.25,0.75
سروصدا کردن,0,0.25,0.75
پر سروصدا,0,0.25,0.75
مهمل,0,0.25,0.75
معروفيت,0.75,0.25,0
بي حس شدن,0,0.25,0.75
تپل,0,1,0
مقصود,0,1,0
عطر,0.125,0.875,0
بر خوردن,0,1,0
خلافکار,0,0.125,0.875
اهانت آميز,0,0.25,0.75
معارض,0,0.25,0.75
مصاف دادن,0,1,0
طرفيت,0,1,0
جور,0.25,0.75,0
ستمکار,0,0.125,0.875
جابرانه,0,0.125,0.875
يتيم,0,0.25,0.75
شيوع,0,0.875,0.125
سخت عصباني شدن,0,0.125,0.875
بيداد گرانه,0,0.75,0.25
ناديده گرفتن,0,0.25,0.75
سنگيني زياد,0,0.875,0.125
سراسر پوشاندن,0,0.25,0.75
محنت زا,0,0.25,0.75
دست و پاي خود را گم کردآن,0,0.125,0.875
دست پاچه,0,0.25,0.75
سور چران,0,0.25,0.75
جانب داري,0,1,0
بي بهره,0,0.25,0.75
تاثرآور,0,0.125,0.875
بي نوا,0,0.25,0.75
کيفر,0,0.25,0.75
کله شق,0,0.25,0.75
صفت بد,0,0.25,0.75
طاعون آور,0,0.75,0.25
غير موثق,0,0.25,0.75
غارت,0,0.25,0.75
جوش صورت,0,0.25,0.75
مضيقه,0,0.875,0.125
پارچه راهراه نخي,0,0.125,0.875
قابل ترحم,0,0.125,0.875
ترحم,0,0.875,0.125
بازيچه,0,0.875,0.125
استدعا,0,0.25,0.75
توطئه چيدن,0,0.875,0.125
مسموم کردن,0,0.25,0.75
زهري,0,0.25,0.75
آلوده کردن,0,0.375,0.625
فقير,0,0.875,0.125
بطور ناچيز,0,0.75,0.25
لب کلفتي,0,0.75,0.25
تهيدستي,0,0.375,0.625
وضع خطرناک,0,0.25,0.75
غرض ورزي,0,0.25,0.75
خليدن,0,0.25,0.75
پرمباهات,0,1,0
طفره رفتن,0,0.875,0.125
دفع الوقت,0,0.25,0.75
عصباني کننده,0,0.75,0.25
بر انگيختن,0,0.75,0.25
سوراخ کن,0,1,0
مرافعه کردن,0,0.125,0.875
غريب,0,0.25,0.75
بن رست,0,0.875,0.125
ريل,0,1,0
کينه,0,0.125,0.875
تجاوز به ناموس کردن,0,0.25,0.75
خيره سر,0,0.25,0.75
جغ جغ کردن,0,0.875,0.125
اسف,0,0.125,0.875
پشيماني,0,0.125,0.875
نادم,0,0.75,0.25
تکراري,0,0.875,0.125
توبيخ کردن,0,0.125,0.875
تنفر آور,0,0.125,0.875
غيض,0,0.125,0.875
ايستادگي,0,0.25,0.75
بي آرام,0,0.25,0.75
عقب نشاندن,0.375,0.5,0.125
تقاص گرفتن,0,0.25,0.75
کينه توز,0,0.125,0.875
طغيان,0,0.25,0.75
ردع,0,0.125,0.875
معاني بيان,0,1,0
استهزا,0,0.25,0.75
نرم نشو,0,0.25,0.75
درانيدن,0,0.875,0.125
شکافته,0,0.25,0.75
پر مخاطره,0,0.25,0.75
رقيب,0.125,0.875,0
رقابت,0.125,0.875,0
رند,0,0.25,0.75
پوسيدن,0,0.25,0.75
خاکروبه,0,0.25,0.75
بدون آداب,0,0.25,0.75
سداب,0,1,0
خط انداختن,0,0.875,0.125
بي مروتي,0,0.25,0.75
محزونانه,0,0.25,0.75
افسرده شدن,0,0.25,0.75
غمگيني,0,0.25,0.75
فرو نشستن,0,1,0
گوشه,0,1,0
افترا آميز,0,0.25,0.75
اثر زخم داشتن,0,0.25,0.75
کمياب,0.5,0.5,0
نادرا,0.5,0.5,0
هراسان,0,0.25,0.75
عتاب,0,0.25,0.75
خراش دادن,0,0.875,0.125
داد,0,0.25,0.75
مغرض,0,0.125,0.875
جديت,0.125,0.875,0
سخت گير,0,0.875,0.125
سايه دار,0,0.125,0.875
جنبان,0,1,0
عار,0,0.25,0.75
لرزه,0,0.25,0.75
يکه,0,1,0
فرياد دلخراش زدن,0,0.25,0.75
زير,0,1,0
افسرده شدن,0,0.25,0.75
مريض,0,0.125,0.875
بيمار کردن,0,0.125,0.875
بيزار کننده,0,0.125,0.875
فروبرنده,0,0.875,0.125
شل کردن,0,1,0
تپانچه زدن,0,0.25,0.75
عبد,0,1,0
ضربه سنگين زدن,0,0.25,0.75
درهم کوبيدن,0,0.25,0.75
آغشتن,0,0.875,0.125
بوي,0,1,0
خودبين,0,0.375,0.625
يواشکي رفتن,0,0.75,0.25
پوزخند,0,0.25,0.75
بغض گريه,0,0.25,0.75
موقرانه,0,0.25,0.75
جاي زخم,0,0.125,0.875
به سختي,0,0.25,0.75
تاثر,0,0.125,0.875
محزون,0,0.125,0.875
غمناک,0,0.125,0.875
درکوني زدن,0,0.25,0.75
رو دادن,0,0.25,0.75
لوليدن,0,0.25,0.75
لکه,0,0.25,0.75
زدگي,0,0.25,0.75
قحطي زدگي,0,0.25,0.75
گرسنگي خوردن,0,0.875,0.125
تنده,0,0.875,0.125
تعفن,0,0.875,0.125
دم کردن,0,0.875,0.125
تروچسبناک,0,1,0
جمود,0,1,0
لکه ننگ,0,0.25,0.75
نيش,0,0.25,0.75
بدبو کردن,0,0.25,0.75
ربوده,0,0.25,0.75
توفاني,0,0.25,0.75
صافي کردن,0,1,0
خط خط,0,0.875,0.125
تاکيد,0.25,0.5,0.25
مقرراتي,0.125,0.875,0
باشدت زدن,0,0.25,0.75
پيکار کردن,0,0.25,0.75
خراميدن,0.75,0.25,0
خيره شدن,0.5,0.5,0
شيرين کاري,0,0.875,0.125
نابخردي,0,0.25,0.75
کاستن,0,0.25,0.75
مکيدن,0,0.25,0.75
درد کشيدن,0,0.25,0.75
خودکشي,0,0.25,0.75
تسليم شدن,0,0.25,0.75
مظنون بودن,0,0.25,0.75
عرق دار,0,0.875,0.125
تانک,0,0.875,0.125
کدر شدن,0,0.25,0.75
شوخي کردن,0,0.375,0.625
زمان فعل,0,1,0
تمدد,0.125,0.875,0
تروريسم,0,0.25,0.75
وحشت زده کردن,0,0.25,0.75
کوزل کوبي,0,0.25,0.75
وعيد,0,0.25,0.75
تپش داشتن,0,0.25,0.75
عقيم گذاردن,0,0.25,0.75
کم دل,0,0.25,0.75
مشقت کشيدن,0,0.875,0.125
حق العبور,0,0.875,0.125
شکنجه کردن,0,0.125,0.875
آزار,0,0.25,0.75
زهرآلود,0,0.25,0.75
غدار,0,0.375,0.625
نارو,0,0.25,0.75
شيادانه,0,0.875,0.125
بهم خوردگي,0,0.25,0.75
پيچاندن,0,0.875,0.125
سلطان ظالم,0,0.25,0.75
بي ملاحت,0,0.25,0.75
نامعين,0,0.875,0.125
غيرمشخص,0,0.875,0.125
ناخوشايند,0,0.25,0.75
نامرغوب,0,0.125,0.875
بي آرامي,0,0.25,0.75
بيکار,0,0.125,0.875
ناگاه,0,0.25,0.75
غيردوستانه,0,0.125,0.875
نامراد,0,0.125,0.875
غير سالم,0,0.25,0.75
بي عاطفه,0,0.25,0.75
آدم زشت,0,0.25,0.75
غير محبوب,0,0.125,0.875
نامعتبر,0,0.25,0.75
آشوب,0,0.875,0.125
بدون ايمني,0,0.25,0.75
بي بقا,0,0.25,0.75
پرغوغا,0,1,0
عبث,0,0.25,0.75
دربه در,0,0.25,0.75
هرز,0,0.25,0.75
باد غرور,0,0.375,0.625
خونخواهي,0,0.5,0.5
زهر,0,0.25,0.75
نوسان کردن,0,1,0
شرارت,0,0.25,0.75
کينه توزي,0,0.125,0.875
جابر,0,0.25,0.75
ويروس,0,0.25,0.75
هراسيدن,0,0.875,0.125
اخطار,0,0.875,0.125
هدر دادن,0,0.25,0.75
کم زور,0,0.875,0.125
چوب شکاف,0,1,0
گريه کردن,0,0.25,0.75
ناليدن,0,0.25,0.75
نابکارانه,0,0.25,0.75
بدا,0,0.125,0.875
غرق دراندوه,0,0.125,0.875
محنت زده,0,0.125,0.875
متوهم,0,0.25,0.75
مسبب ناراحتي,0,0.25,0.75
غم,0,0.25,0.75
وجه تفضيلي,0,0.25,0.75
خميازه کشيدن,0,0.25,0.75
غيورانه,0.5,0.5,0
غافلگیرانه,0,0.75,0.25
بی حوصلگی,0,0.125,0.875
ناگهان,0,0.875,0.125
غیبت,0,0.25,0.75
سو استفاده کردن,0,0.25,0.75
متهم,0,0.25,0.75
معتاد,0,0.25,0.75
ترسیدن,0,0.25,0.75
تشدید,0,0.125,0.875
تجاوز,0,0.25,0.75
تهاجمی,0,0.25,0.75
لاس زدن,0,0.5,0.5
آکنه,0,0.875,0.125
سوء تفاهم,0,0.875,0.125
زنگ خطر,0,0.375,0.625
هشدار دهنده,0,0.25,0.75
بیگانگی,0,0.75,0.25
آلرژی,0,0.75,0.25
آنارشیسم,0,0.25,0.75
هرج و مرج,0,0.25,0.75
آزار دهنده,0,0.25,0.75
پرخور,0,0.5,0.5
آنتاگونیسم,0,0.75,0.25
آنتاگونیست,0,0.875,0.125
انزجار,0,0.125,0.875
اضطراب,0,0.25,0.75
بی تفاوت,0,0.875,0.125
بطور معقول,0,0.875,0.125
بایگانی,0,0.875,0.125
شرمنده,0,0.25,0.75
وحشیانه,0,0.25,0.75
حمله,0,0.875,0.125
بهمن,0,0.25,0.75
خیلی بد و ناخوشایند,0,0.25,0.75
افتضاح,0,0.25,0.75
بی دست و پا,0,0.25,0.75
تبر,0,1,0
كمر درد,0,0.25,0.75
سوپاپ,0.125,0.875,0
مات و مبهوت,0,0.5,0.5
جنگنده,0,1,0
جنگجو,0.875,0.125,0
از دست رفته,0,0.75,0.25
نفوذ کن,0.25,0.75,0
خیانت کردن,0,0.25,0.75
سردرگم,0,0.25,0.75
سرگردان,0,0.375,0.625
جانبدارانه,0,0.25,0.75
تلخی,0,0.25,0.75
چنگ زدن,0,0.875,0.125
سرزنش,0,0.25,0.75
بلندی,0,1,0
پرده,0,1,0
نابینا,0,1,0
تاول,0,0.25,0.75
خونریزی,0,0.875,0.125
خون آشام,0,0.25,0.75
بی پرده,0.125,0.875,0
تار,0,0.875,0.125
بمب,0,0.875,0.125
بذر,0.125,0.875,0
خسته,0,0.75,0.25
زحمت,0.25,0.75,0
شستشوی مغزی,0,0.25,0.75
برات,0,0.875,0.125
زنگ تفريح,0.75,0.25,0
شکسته شده,0,0.75,0.25
برادرزاده,0,1,0
کبودی,0,0.875,0.125
حشره,0,0.875,0.125
گردن کلفت,0,0.25,0.75
عدم,0,0.875,0.125
پر از دست انداز,0,0.875,0.125
بارگیری,0,1,0
سوزاندن,0,0.875,0.125
سرطان,0,0.25,0.75
بی توجه,0,0.125,0.875
سانحه,0,0.875,0.125
غار,0,0.875,0.125
چاقه,0,0.75,0.25
چاقی,0,0.875,0.125
تقلب کردن,0,0.25,0.75
سرد شدن,0,1,0
خنک,0.75,0.25,0
خفه کردن,0,0.25,0.75
برخورد,0,0.25,0.75
کلش,0,0.875,0.125
کلک,0,0.875,0.125
مسدود کردن,0,0.25,0.75
سرماخوردگی,0,0.25,0.75
فروپاشی,0,0.25,0.75
کمدی کردن,0.125,0.875,
از خود راضی,0,0.375,0.625
شكايت كردن,0,0.25,0.75
عوارض,0,0.875,0.125
اجبار,0,0.25,0.75
موافق,0.375,0.625,0
اعتراف,0,0.875,0.125
درگیری,0,0.25,0.75
مقابله,0,0.875,0.125
سردرگم,0,0.25,0.75
گیج کننده,0,0.875,0.125
گیجی,0,0.25,0.75
محافظه کار,0,0.25,0.75
مسری,0,0.875,0.125
تناقض,0,0.875,0.125
جنجال,0,0.25,0.75
خوردن,0,0.25,0.75
فاسد,0,0.25,0.75
هزینه بر,0,0.875,0.125
ترک,0,0.25,0.75
گرفتگی,0,0.875,0.125
چرندیات,0,0.375,0.625
تصادف در,0,0.875,0.125
تهمت,0,0.25,0.75
خزش,0,0.875,0.125
خزنده,0,0.875,0.125
جنایی,0,0.5,0.5
ریزش,0,0.875,0.125
فلج کردن,0,0.25,0.75
بحرانی,0,0.25,0.75
انتقاد,0,0.25,0.75
خام,0,0.25,0.75
ظلم,0,0.25,0.75
خرد کردن,0,1,0
گریه کردن,0,0.875,0.125
خسارت,0,0.875,0.125
لعنت,0,0.25,0.75
تیره و تار,0,0.25,0.75
تاریکی,0,0.25,0.75
دلتنگ,0,0.25,0.75
مرده,0,0.25,0.75
کر,0,0.875,0.125
بدهی,0,0.875,0.125
فرو ریختن,0,0.875,0.125
فریب,0,0.25,0.75
دفاعی,0,0.875,0.125
منفور,0,0.125,0.875
دیو,0,0.25,0.75
تخریب کردن,0,0.75,0.25
حلاف شرع,0,0.75,0.25
متراکم,0,0.875,0.125
انکار,0,0.875,0.125
تودار,0.875,0.125,0
افسردگی,0,0.125,0.875
مستاصل,0,0.875,0.125
خوار شمردن,0,0.125,0.875
مستبد,0,0.25,0.75
از بین رفتن,0,0.875,0.125
نابودگر,0,0.25,0.75
تخریب,0,0.25,0.75
دیک,0,0.875,0.125
دیکتاتور,0,0.25,0.75
مرگ,0,0.25,0.75
دشوار,0,0.875,0.125
تردید,0,0.875,0.125
دوراهی,0,0.875,0.125
اذعان,0,0.875,0.125
وخیم,0,0.25,0.75
خاک,0,1,0
مخالف بودن,0,0.875,0.125
تایید نشده,0,0.75,0.25
فاجعه,0,0.25,0.75
کفر,0,0.25,0.75
بدون رفاه,0,0.875,0.125
برطرف کردن,0,0.25,0.75
محکوم کردن,0,0.25,0.75
متزلزل,0,0.125,0.875
دل شکستن,0,0.25,0.75
دلسردی,0,0.25,0.75
خوار کننده,0,0.25,0.75
تبعیض,0,0.25,0.75
منزجر,0,0.125,0.875
چندش آور,0,0.125,0.875
متقلب,0,0.25,0.75
ناسزاگویی,0,0.25,0.75
دوست نداشتن,0,0.25,0.75
اختلال,0,0.25,0.75
دور انداختن,0,0.75,0.25
محرمانه,0,0.875,0.125
اختلاف نظر,0,0.75,0.25
نگران کننده,0,0.25,0.75
منحرف کردن,0,0.875,0.125
حواس پرتی,0,0.875,0.125
پریشان,0,0.25,0.75
مختل,0,0.25,0.75
شک,0,0.25,0.75
کشیدن,0,1,0
زه کشی,0,0.25,0.75
خشکی,0,1,0
مست,0,0.75,0.25
بیهوش,0,0.875,0.125
بی عقل,0,0.25,0.75
حیرت زده,0,1,0
خودخواهی,0,0.375,0.625
خجالت,0,0.875,0.125
اضطراری,0,0.875,0.125
خالی,0,1,0
خطرناک,0,0.875,0.125
دشمنی,0,0.125,0.875
بیماری همه گیر,0,0.125,0.875
خطا,0,0.375,0.625
غافلگیر شد,0,0.125,0.875
بد,0,0.25,0.75
تشدید شونده,0,0.75,0.25
اغراق آمیز,0,0.25,0.75
ناراحت کننده,0,0.125,0.875
خشمگین کننده,0,0.125,0.875
خروج,0,0.875,0.125
بهانه,0,0.875,0.125
سرقت,0,0.125,0.875
اذیت کردن,0,0.375,0.625
گران,0,0.875,0.125
منقضی شونده,0,0.875,0.125
منفجر شونده,0,0.875,0.125
انفجاری,0,0.875,0.125
نابودی,0,0.875,0.125
خاموش شونده,0,0.875,0.125
اخاذی,0,0.875,0.125
ساختن,0,0.25,0.75
از حال رفتن,0,0.25,0.75
افتاده,0,0.875,0.125
قحطی,0,0.25,0.75
چربی,0,0.875,0.125
کشنده,0,0.25,0.75
عیب,0,0.375,0.625
سقوط,0,0.25,0.75
تب,0,0.25,0.75
بی ثبات,0,0.25,0.75
داستان,0,0.875,0.125
کثیف,0,0.25,0.75
مبهوت,0.5,0.5,0
شعله ور شدن,0,0.875,0.125
نقص,0,0.25,0.75
فرار کن,0,0.875,0.125
سوسو زدن,0,0.875,0.125
تلنگر,0,0.875,0.125
دشمن,0,0.25,0.75
احمق,0,0.25,0.75
نیرومند,0.375,0.625,0
پیشگویی,0.125,0.875,0
فراموشی,0,0.875,0.125
فریب خورده,0,0.125,0.875
دودره بازی,0,0.875,0.125
ناپاک,0,0.25,0.75
شکننده,0,0.25,0.75
نحیف,0,0.25,0.75
عجیب غریب,0,0.875,0.125
اصطکاک,0,0.875,0.125
سرما,0,0.875,0.125
اخم,0,0.25,0.75
منجمد,0,0.875,0.125
ناامید,0,0.25,0.75
خسته کننده,0,0.125,0.875
بی فرهنگ,0,0.25,0.75
بیهوده,0,0.125,0.875
دود,0,0.875,0.125
ایراد گیر,0,0.25,0.75
گاف دادن,0,0.75,0.25
خالی کردن,0,0.75,0.25
گشودن,0.125,0.875,0
بی برنامه,0,0.5,0.5
گاو,0,0.875,0.125
شایعات بی اساس,0,0.875,0.125
پیوند,0,0.875,0.125
چرب,0,0.875,0.125
حریص,0,0.875,0.125
شکایت,0,0.125,0.875
گرامیداشت,0.375,0.375,0.25
به سختی,0,0.75,0.25
ادا و اصول,0,0.875,0.125
تمیز کردن,0.125,0.875,
ناراحتی,0,0.25,0.75
متهم کردن,0,0.125,0.875
گناهکار,0,0.25,0.75
هک کردن,0,0.25,0.75
توهم,0,0.25,0.75
آزار و اذیت,0,0.125,0.875
خشنود,0.375,0.5,0.125
سختی,0,0.875,0.125
زیان آور,0,0.25,0.75
سخت,0,0.25,0.75
بدون هیچ زحمتی,0.375,0.5,0.125
عجله کن,0,0.875,0.125
نفرت,0,0.125,0.875
سردرد,0,0.25,0.75
بی عاطفه,0,0.25,0.75
هک,0,0.875,0.125
هتک حرمت,0,0.25,0.75
جهنم,0,0.25,0.75
درمانده,0,0.125,0.875
بی نظمی,0,0.125,0.875
مخوف,0,0.125,0.875
مخفیانه,0,0.875,0.125
ذخیره,0,0.875,0.125
توخالی,0,0.875,0.125
ناشی,0,0.875,0.125
ناامیدکننده,0,0.875,0.125
ناگوار,0,0.25,0.75
دلهره آور,0,0.25,0.75
وحشت زده,0,0.25,0.75
گروگان,0,0.25,0.75
خصومت آمیز,0,0.125,0.875
خساست,0,0.125,0.875
موهوم,0,0.875,0.125
تحقیر کردن,0,0.25,0.75
تحقیر آمیز,0,0.25,0.75
حقارت,0,0.125,0.875
مضطرب,0,0.25,0.75
منافق,0,0.5,0.5
هیستری,0,1,
هیستریک,0,1,0
ادم سفیه و احمق,0,0.25,0.75
جهل,0,0.25,0.75
نادان,0,0.125,0.875
چشم پوشی,0.125,0.875,0
غیر مجاز,0,0.875,0.125
نابالغ,0,0.875,0.125
غیر اخلاقی,0,0.25,0.75
بی تابی,0,0.875,0.125
بی صبر,0,0.875,0.125
بی صبرانه,0,0.875,0.125
تحمیل کردن,0,0.875,0.125
غیرممکن,0,0.875,0.125
فقیر کردن,0,0.875,0.125
زندان,0,0.25,0.75
بخور دادن,0.125,0.875,0
غلط,0,0.25,0.75
بی کفایت,0,0.875,0.125
بي تفاوت,0,0.875,0.125
ناکارآمد,0,0.25,0.75
اجتناب ناپذیر,0,1,0
عفونت,0,0.25,0.75
سطح پایین,0,0.875,0.125
عصبانیت,0,0.125,0.875
پریشانی,0,0.125,0.875
بی خوابی,0,0.25,0.75
بازداری,0,0.875,0.125
انسانی,0,0.75,0.25
صدمه زدن,0,0.125,0.875
شلوغی,0,0.5,0.5
بی عدالتی,0,0.25,0.75
ناامنی,0,0.25,0.75
تشویق,0.5,0.5,0
وقفه,0,0.875,0.125
ارعاب,0,0.25,0.75
عدم تحمل,0,0.25,0.75
غیر داوطلبانه,0,0.875,0.125
پرخاشگر,0,0.125,0.875
بذار,0,0.75,0.25
طنز,0.5,0.5,0
تحریک شده,0,0.75,0.25
منزوی,0,0.875,0.125
جدا شده,0,0.125,0.875
انزوا,0,0.125,0.875
خارش دار,0,0.875,0.125
جوک,0.5,0.5,0
جوکر,0.375,0.625,0
تکان خوردن,0,1,0
پرشور,0.75,0.25,0
چاقو ردن,0,0.875,0.125
در زدن,0,1,0
عدم,0,0.75,0.25
کمبودی,0,1,0
لکه دار,0,0.875,0.125
تنبل,0,0.25,0.75
نشت,0,0.875,0.125
لال,0,0.875,0.125
مرگبار,0,0.25,0.75
دروغ گو,0,0.25,0.75
دروغ,0,0.25,0.75
بی حوصله,0,0.125,0.875
حد,0,1,0
لمس کردن,0,0.875,0.125
زنده,0.25,0.5,0.25
بی رحمانه,0,0.75,0.25
لعنتی,0,0.75,0.25
تنهایی,0,0.875,0.125
غارت کردن,0,0.25,0.75
بازنده,0,0.25,0.75
با صدای بلند,0,0.875,0.125
دیوانه شدن,0,0.125,0.875
دیوانه,0,0.25,0.75
جنون,0,0.25,0.75
خشونت,0,0.125,0.875
خشونت آمیز,0,0.125,0.875
مخرب,0,0.125,0.875
دستکاری,0,0.875,0.125
میانجیگری,0.125,0.875,0
نازک نارنجی ,0,0.875,0.125
بد رفتاری,0,0.25,0.75
بدبختانه,0,0.125,0.875
گمراه کردن,0,0.25,0.75
از دست دادن,0,0.875,0.125
بی اعتمادی,0,0.25,0.75
سوء تفاهم,0,0.25,0.75
زاری,0,0.25,0.75
خجالت کشیدم,0,0.875,0.125
مقتدر,0.375,0.5,0.125
یکنواختی,0,0.875,0.125
مپ,0,1,0
خدانگهدار,0.375,0.5,0.125
مرطوب کردن,0,1,0
کاهش یافته,0,0.875,0.125
کاستن,0,0.875,0.125
ماتریس,0,1,0
سوگواری,0,0.875,0.125
آدم کشی,0,0.25,0.75
قاتل,0,0.25,0.75
قتل عام,0,0.125,0.875
مرموز,0,0.875,0.125
رمز و راز,0,0.875,0.125
عرفان,0.625,0.375,0
اسطوره,0,0.875,0.125
تند و زننده,0,0.125,0.875
شیطان,0,0.25,0.75
تهوع,0,0.125,0.875
نفی,0,0.875,0.125
منفی,0,0.25,0.75
بی توجهی,0,0.25,0.75
عصبی,0,0.25,0.75
عصبانی,0,0.25,0.75
گزنه,0,0.875,0.125
غلیظ,0,1,0
روانپزشکی,0.125,0.875,0
کابوس,0,0.25,0.75
سر و صدا,0,0.875,0.125
پر سر و صدا,0,0.875,0.125
مزخرف,0,0.25,0.75
بی حس,0,0.875,0.125
چاق,0,0.25,0.75
بی هدف,0,0.875,0.125
مانع,0,0.25,0.75
انسداد,0,0.25,0.75
فرد,0,1,0
توهین,0,0.125,0.875
جرم,0,0.25,0.75
مجرم,0,0.125,0.875
توهین آمیز,0,0.25,0.75
حریف,0,0.875,0.125
مخالف,0,0.875,0.125
اپوزیسیون,0,0.875,0.125
ظلم و ستم,0,0.25,0.75
سرکوبگر,0,0.125,0.875
سرکوبگرایی,0,0.125,0.875
یتیم,0,0.875,0.125
شیوع,0,0.875,0.125
خشمگین,0,0.125,0.875
ظالمانه,0,0.125,0.875
بیگانه,0,0.875,0.125
نادیده گرفتن,0,0.875,0.125
غلبه کردن,0.375,0.5,0.125
اضافه وزن,0,0.25,0.75
درد,0,0.25,0.75
دردناک,0,0.25,0.75
کم رنگ,0,0.875,0.125
وحشت,0,0.125,0.875
پانکیک,0,1,0
پارانوئید,0,0.875,0.125
انگل,0,0.25,0.75
فرسودگی,0,0.375,0.625
پاساژ,0,1,0
منفعل,0,0.875,0.125
تأسفبار,0,0.125,0.875
پژواک,0,0.75,0.25
مجازات,0,0.25,0.75
خرابکاری,0,0.25,0.75
منحرف,0,0.25,0.75
بدبینی,0,0.25,0.75
بدبینانه,0,0.25,0.75
فوبیا,0,0.125,0.875
جعلی,0,0.25,0.75
جوش,0,0.875,0.125
خرج کردن,0,0.875,0.125
پیکه,0,0.75,0.25
تاسف,0,0.25,0.75
طاعون,0,0.25,0.75
طرح,0,1,0
مسمومیت,0,0.25,0.75
فقیر,0,0.25,0.75
کوفته,0,0.75,0.25
فقر,0,0.375,0.625
تعصب,0.125,0.875,0
ضرب و شتم,0,0.25,0.75
افتخار,0.5,0.5,0
مسئله,0,0.25,0.75
پشت سر انداختن,0,0.875,0.125
تعویق,0,0.25,0.75
محرک,0,0.75,0.25
پانچ,0,0.875,0.125
کرم,0,0.25,0.75
نزاع,0,0.125,0.875
نژاد پرست,0,0.25,0.75
افراطی,0,0.25,0.75
تجاوز به عنف,0,0.25,0.75
راش,0,0.875,0.125
خرگوش,0,0.875,0.125
امتناع,0,0.25,0.75
مغبون شدن,0,0.125,0.875
پشیمان,0,0.125,0.875
رد کردن,0,0.875,0.125
طرد شدن,0,0.25,0.75
پشیمانی,0,0.125,0.875
دفع کردن,0,0.75,0.25
تکراری,0,0.875,0.125
نفرت انگیز,0,0.125,0.875
متناقض,0,0.125,0.875
دفع,0,0.125,0.875
مشمئز کننده,0,0.5,0.5
استعفا,0,0.25,0.75
مقاومت,0,0.875,0.125
بی قرار,0,0.875,0.125
بی سر و صدا,0,0.875,0.125
محدود کردن,0,0.875,0.125
عقب نشینی,0,0.875,0.125
انتقام گرفتن,0,0.25,0.75
گروگان گیری,0,0.125,0.875
شورش,0,0.125,0.875
شجاعانه,0.375,0.5,0.125
تسلط,0.5,0.5,
لفاظی,0,0.25,0.75
مسخره کردن,0,0.25,0.75
تمسخر,0,0.25,0.75
سفت و سخت,0,0.875,0.125
ریل,0,0.75,0.25
ریخته گری,0,0.75,0.25
پاره كردن,0,0.875,0.125
گوشه گیر,0,0.25,0.75
خطرناک,0,0.25,0.75
رقیب,0,0.875,0.125
سرکش,0,0.25,0.75
ترن هوایی,0,1,0
پوسیدگی,0,0.25,0.75
زباله,0,0.875,0.125
بی ادب,0,0.25,0.75
بی رحمی,0,0.25,0.75
غمگین,0,0.25,0.75
با ناراحتی,0,0.125,0.875
غمگینی,0,0.25,0.75
رسوایی,0,0.25,0.75
رسوا کننده,0,0.25,0.75
جای زخم,0,0.875,0.125
ترسیده,0,0.25,0.75
ترساندن,0,0.25,0.75
نومیدی,0,0.25,0.75
قراضه,0,0.25,0.75
خراش,0,0.25,0.75
خراشنده,0,0.25,0.75
فریاد زدن,0,0.875,0.125
لرزش,0,0.25,0.75
کم عمق,0,0.875,0.125
لرزیدن,0,1,0
تکان دهنده,0,0.875,0.125
کمبود,0,0.25,0.75
گریه کن,0,0.25,0.75
بیمار,0,0.125,0.875
sickeningly,0,0.75,0.25
بیماری,0,0.25,0.75
محاصره,0,0.875,0.125
غرق شدن,0,0.25,0.75
شل,0,0.25,0.75
گناه,0,0.25,0.75
سیلی زدن,0,0.25,0.75
برده,0,0.25,0.75
شلاق زدن,0,0.875,0.125
درهم کوبیدن,0,0.875,0.125
اسمیر,0,0.875,0.125
بو,0,0.875,0.125
دزدکی حرکت کردن,0,0.875,0.125
دندانپزشکی,0,0.875,0.125
سگ,0,0.875,0.125
هوشیار,0,0.875,0.125
مراقبت,0,0.875,0.125
درد دارد,0,0.125,0.875
درد و رنج,0,0.25,0.75
غم و اندوه,0,0.125,0.875
متاسفم,0,0.125,0.875
متاسفانه,0,0.125,0.875
متاسف,0,0.125,0.875
جهش,0,0.875,0.125
ببخشید,0,0.75,0.25
مجرمانه,0,0.125,0.875
جسارت,0.375,0.5,0.125
شکاف,0,0.875,0.125
از بین بردن,0,0.875,0.125
فساد,0,0.25,0.75
spook,0,0.875,0.125
خم شدن,0.375,0.5,0.125
رنگ آمیزی,0,0.875,0.125
وحشت زده شدن,0,0.25,0.75
گرسنگی,0,0.25,0.75
شیب تند,0,0.875,0.125
اصغر,0,0.875,0.125
خورشت,0,0.875,0.125
چسبنده,0,0.875,0.125
سفتی، سختی,0,0.875,0.125
شرم آور,0,0.25,0.75
نیش,0,0.875,0.125
صبر کن,0,0.875,0.125
به سرقت رفته,0,0.875,0.125
طوفانی,0,0.875,0.125
نژاد,0,0.875,0.125
خفه شدن,0,0.25,0.75
شدید,0.375,0.625,0
فشار,0,0.875,0.125
سخت گیرانه,0,0.875,0.125
ضربه,0,1,0
تقلا,0,0.25,0.75
ستاره,0.5,0.5,0
یک دنده,0.5,0.5,0
شیرین کاری,0.5,0.375,0.125
حماقت,0,0.25,0.75
استوپ,0,0.875,0.125
لکنت,0,0.875,0.125
تفریق کردن,0,0.875,0.125
مکیدن,0,0.875,0.125
رنج بردن,0,0.25,0.75
رنج کشیدن,0,0.125,0.875
خودکشی کردن,0,0.25,0.75
سوزش,0,0.75,0.25
خرافات,0,0.25,0.75
تسلیم شدن,0,0.25,0.75
سوء ظن,0,0.875,0.125
عرق کشی,0,0.875,0.125
علامت,0,0.875,0.125
تابو,0,0.25,0.75
مخزن,0,0.875,0.125
اوقات تلخی,0,0.125,0.875
کسی را دست انداختن,0,0.375,0.625
خلق و خوی,0,0.75,0.25
وسوسه,0,0.25,0.75
حساسیت,0,0.875,0.125
سفت,0,0.875,0.125
وحشتناک,0,0.25,0.75
ترور,0,0.25,0.75
تروریسم,0,0.25,0.75
مجبور کردن,0,0.5,0.5
ترس,0,0.25,0.75
تهدید,0,0.25,0.75
اختلاف,0,0.875,0.125
خندیدن,0.375,0.5,0.125
خفه شو,0,0.25,0.75
ترسو,0,0.25,0.75
واهمه,0,0.25,0.75
ترسناک,0,0.25,0.75
تنش,0,0.25,0.75
تلفات,0,0.25,0.75
عذاب,0,0.125,0.875
شکنجه,0,0.25,0.75
تراژدی,0,0.25,0.75
خائن,0,0.375,0.625
زباله ها,0,0.25,0.75
ترور,0,0.5,0.5
خیانت,0,0.25,0.75
فوت و فن,0.75,0.25,0
تزویر,0,0.25,0.75
مشکل,0,0.25,0.75
آشفتگی,0,0.25,0.75
پیچ,0,1,0
ناخوشایند,0,0.125,0.875
استبداد,0,0.25,0.75
ستمگر,0,0.25,0.75
زشت,0,0.25,0.75
بی غیرت,0,0.25,0.75
غير قابل تحمل,0,0.25,0.75
نا معلوم,0,0.875,0.125
غیر واضح,0,0.875,0.125
نامطلوب,0,0.125,0.875
ناامید کننده,0,0.25,0.75
بیکار,0,0.875,0.125
غیر منتظره,0,0.875,0.125
غیر دوستانه,0,0.125,0.875
ناامیدی,0,0.125,0.875
ناراضی,0,0.125,0.875
ناسالم,0,0.25,0.75
عجیب نیست,0,0.875,0.125
ناخوشایند,0,0.25,0.75
غیر قابل پیش بینی,0,0.875,0.125
غیر قابل اعتماد,0,0.25,0.75
نا آرام,0,0.25,0.75
ناامن,0,0.25,0.75
باز کردن,0,0.875,0.125
ناپایدار,0,0.875,0.125
مطمئن,0,0.875,0.125
نا امید کننده,0,0.25,0.75
ناراحت,0,0.25,0.75
بلا استفاده,0,0.25,0.75
مبهم,0,0.25,0.75
بیهوده,0,0.25,0.75
انتقام,0,0.125,0.875
سم,0,0.25,0.75
بی ثمر,0,0.25,0.75
وسواس,0,0.875,0.125
مزاحم,0,0.125,0.875
ارتعاش,0,1,0
معاون,0,1,0
گول زدن,0,0.125,0.875
انتقاد کننده,0,0.125,0.875
بازجوئی,0,0.75,0.25
جسورانه,0,0.125,0.875
خشن,0,0.25,0.75
ویروس,0,0.25,0.75
استفراغ,0,0.25,0.75
آسیب پذیر,0,0.25,0.75
بیدار شدن,0,0.875,0.125
چرت زدن,0,1,0
هشدار,0,0.875,0.125
هدر,0,0.25,0.75
ضعیف,0,0.25,0.75
ضعف,0,0.25,0.75
گوه,0,0.25,0.75
اشک ریختن,0,0.25,0.75
ناله کردن,0,0.25,0.75
شرور,0,0.25,0.75
ویلت,0,0.875,0.125
وای,0,0.75,0.25
ترسو,0,0.75,0.25
با احتیاط,0,0.75,0.25
نگران,0,0.25,0.75
نگران کننده است,0,0.25,0.75
نگرانی,0,0.25,0.75
بدتر,0,0.25,0.75
بدترین,0,0.25,0.75
زخم,0,0.125,0.875
خشم,0,0.25,0.75
خراب کردن,0,0.25,0.75
بدبخت,0,0.125,0.875
اشتباه,0,0.25,0.75
خمیازه,0,0.875,0.125
زامبی,0,0.875,0.125
تقدیر,0.75,0.25,0
انجام دادن,0.25,0.75,0
قابل دستیابی است,0.375,0.625,0
دستاورد,0.25,0.75,0
قابل تنظیم,0.25,0.75,0
قابل تحسین,0.875,0.125,0
تحسین,0.75,0.25,0
دلبند,0.25,0.75,0
مزیت,0.75,0.25,0
محبت,0.875,0.125,0
تأیید,0.25,0.75,0
استطاعت داشتن,0.25,0.75,0
چابکی,0.75,0.25,0
انسان دوستانه,0.25,0.75,0
شگفت زده شد,0.875,0.125,0
شگفتی,0.875,0.125,0
حیرت آور,0.875,0.125,0
دوستیابی,0.875,0.125,0
فرشته,0.75,0.25,0
درخواست,0.25,0.75,0
قدردانی,0.75,0.25,0
تصویب,0.375,0.625,0
تایید,0.875,0.125,0
تضمین,0.875,0.125,0
اطمینان دادن,0.875,0.125,0
شگفت زده,0.875,0.125,0
لذت,0.25,0.75,0
عجیب,0,0.75,0.25
حیرت انگیز,0.875,0.125,0
شگفت آور است,0.75,0.25,0
عجیب و غریب,0.25,0.75,0
کم توجه,0.25,0.75,0
جاذبه,0.25,0.75,0
قابل شنیدن,0.25,0.75,0
در دسترس,0.25,0.75,0
هیاهو,0,0.75,0.25
احمقانه,0,0.5,0.5
ستون فقرات,0,1,0
چانه زدن,0,0.75,0.25
خوشگل,0.75,0.25,0
زیبایی,0.75,0.25,0
با شخصیت,0.25,0.75,0
خیرخواهانه,0.875,0.125,0
سود,0.75,0.25,0
خیرخواهی,0.875,0.125,0
خیراندیش,0.875,0.125,0
بهترین,0.75,0.25,0
بهتر,0.75,0.25,0
سعادت,0.875,0.125,0
شکوفه,0.75,0.25,0
تنفس,0,1,0
نسیم,0.25,0.75,0
درخشان,0.75,0.25,0
برادرانه,0.875,0.125,0
نالایق,0,0.75,0.25
فریب دادن,0.125,0.5,0.375
فریبنده,0.125,0.5,0.375
جذابیت,0.875,0.125,0
خیریه,0.875,0.125,0
افسون,0,0.5,0.5
تشویق کردن,0.875,0.125,0
بشاش,0.875,0.125,0
گرامی داشتن,0.875,0.125,0
کربلایی,0.5,0.5,0
دوستی,0.75,0.25,0
شهامت,0.75,0.25,0
وضوح,0.25,0.75,0
درجه یک,0.75,0.25,0
تمیز,0.75,0.25,0
پاک کننده,0.25,0.75,0
پاکیزگی,0.75,0.25,0
باهوش,0.75,0.25,0
رنگارنگ,0.25,0.75,0
به راحتی,0.875,0.125,0
قابل ستایش,0.875,0.125,0
تعهد,0,0.5,0.5
شفقت,0.75,0.25,0
متمم,0,1,0
تعریف و تمجید,0.875,0.125,0
اعتماد به نفس,0.875,0.125,0
مطمئن,0.875,0.125,0
حاجی,0.75,0.25,0
تبریک,0.75,0.25,0
قناعت,0.75,0.25,0
مشارکت,0.25,0.75,0
راحت,0.875,0.125,0
سرد,0,0.625,0.375
شجاعت,0.75,0.25,0
شجاع,0.75,0.25,0
مودبانه,0.75,0.25,0
پیمان,0.25,0.75,0
دنج,0.875,0.125,0
مبتکر,0.75,0.25,0
ترد,0,1,0
درمان,0.75,0.25,0
سرانداز,0,1,0
خیره کننده,0.25,0.75,0
شکست دادن,0.625,0.375,0
دل شکسته,0,0.375,0.625
خوشمزه,0.75,0.25,0
سرنوشت,0.25,0.75,0
کرامت,0.75,0.25,0
درد,0,0.25,0.75
سخت کوش,0.75,0.25,0
تشخیص,0.25,0.75,0
الهی,0.875,0.125,0
خجالت زده,0.125,0.375,0.5
با دوام,0.875,0.125,0
پویا,0.25,0.75,0
مشتاقانه,0.875,0.125,0
جدی,0.75,0.25,0
سهولت,0.25,0.75,0
راحتی,0.25,0.75,0
آسان,0.75,0.25,0
اکستازی,0,0.375,0.625
عصبانی,0.125,0.375,0.5
کارآمد,0.75,0.25,0
سرگردان,0,0.75,0.25
زنده ماندن,0.875,0.125,0
صعود کردن,0.625,0.25,0.125
تحقیر,0,0.25,0.75
ظریف,0.75,0.25,0
همدردی,0.75,0.25,0
یکدلی,0.75,0.25,0
جادوگر,0,0.125,0.875
دلربا,0.875,0.125,0
تشويق كردن,0.875,0.125,0
تشویش,0,0.125,0.875
پرانرژی,0.875,0.125,0
لذیذ,0.875,0.125,0
روشنگری,0.75,0.25,0
کافی,0.25,0.75,0
سرگرم,0.875,0.125,0
اشتیاق,0.75,0.25,0
با شور و شوق,0.875,0.125,0
جلب کردن,0.5,0.25,0.25
فضول,0,0.75,0.25
فضولات,0,0.75,0.25
مخاطره آمیز است,0,0.25,0.75
احتمالا,0.125,0.75,0.125
حسادت,0,0.375,0.625
رضایت,0.25,0.75,0
بی نظیر,0.875,0.125,0
ابدی,0.5,0.25,0.25
اکسل,0,1,0
تعالی,0.75,0.25,0
عار,0,0.25,0.75
استثنایی,0.75,0.25,0
هیجان زده,0.875,0.125,0
بی ادبانه,0.125,0.5,0.375
خوشحالی,0.875,0.125,0
نمایشگاه,0,1,0
عدالت,0.75,0.25,0
ایمان,0.75,0.25,0
با ایمان,0.75,0.25,0
مشهور,0.75,0.25,0
تفننی,0.5,0.5,0
خارق العاده,0.875,0.125,0
مجذوب کردن,0.875,0.125,0
شگفت انگیز,0.25,0.75,0
شیفتگی,0.875,0.125,0
مد روز,0.75,0.25,0
مطلوب,0.875,0.125,0
لطف,0.875,0.125,0
بی تردید,0.25,0.75,0
شاهکار,0.75,0.25,0
جشن,0.75,0.25,0
آتش سوزی,0,0.375,0.625
پلاتر,0,1,0
انعطاف پذیری,0.75,0.25,0
قابل انعطاف,0.25,0.75,0
شکوفا شدن,0.75,0.25,0
علاقه مند,0.875,0.125,0
عشق ورزیدن,0.875,0.125,0
معطر,0.25,0.75,0
رایگان,0,1,0
تازه,0.875,0.125,0
تحقق,0.25,0.75,0
کسب کردن,0.25,0.75,0
سخاوتمندانه,0.75,0.25,0
اصل,0.25,0.75,0
خوشبختی,0.875,0.125,0
غم انگیز,0,0.5,0.5
خوشبختانه,0.875,0.125,0
شکوه,0.75,0.25,0
طلایی,0.5,0.25,0.25
خوبی,0.75,0.25,0
حسن نیت,0.875,0.125,0
جذاب,0.25,0.75,0
سپاس,0.875,0.125,0
نا سپاس,0,0.125,0.875
حق شناس,0.875,0.125,0
عظمت,0.875,0.125,0
گرمی,0.5,0.25,0.25
ضمانت,0.25,0.75,0
خجالت کشیدن,0,0.375,0.625
خواب آلود,0,0.75,0.25
هاله,0.375,0.625,0
خوشحالی,0.875,0.125,0
هالو,0,0.5,0.5
هماهنگی,0.25,0.75,0
التیام,0.75,0.25,0
سالم,0.25,0.75,0
آسمانی,0.25,0.75,0
قهرمان,0.75,0.25,0
خنده دار,0.875,0.125,0
مقدس,0.75,0.25,0
صادقانه,0.875,0.125,0
افتخار,0.75,0.25,0
امیدوار,0.75,0.25,0
مهمان نواز,0.75,0.25,0
داغ,0,0.375,0.625
در آغوش گرفتن,0.75,0.25,0
فروتن,0.25,0.75,0
شوخ طبع,0.875,0.125,0
ایده آل,0.875,0.125,0
بت,0.5,0.25,0.25
بدبختی,0,0.5,0.5
تخیلی,0.5,0.25,0.25
مهم,0.25,0.75,0
تاثیر گذاشتن,0,1,0
بهتر کردن,0.75,0.25,0
بهبود,0.875,0.125,0
ارزان,0,1,0
الهام بخش,0.5,0.125,0.375
خدایی,0.625,0.25,0.125
وسیله,0,1,0
هوش,0.75,0.25,0
باهوش,0.75,0.25,0
صمیمیت,0.75,0.25,0
صمیمی,0.75,0.25,0
فتنه,0,0.375,0.625
تقویت کننده,0.75,0.25,0
شاد,0.875,0.125,0
خوشحال,0.875,0.125,0
محبت آمیز,0.875,0.125,0
آگاهانه,0.75,0.25,0
لود,0.5,0.25,0.25
با افتخار,0.25,0.75,0
افسانه ای,0.875,0.125,0
سبک,0.5,0.25,0.25
آزادی,0.25,0.75,0
نجات دهنده,0.25,0.75,0
پسندیدن,0.75,0.25,0
دوست داشتنی,0.875,0.125,0
منطقی,0.875,0.125,0
عشق,0.25,0.75,0
دوست داشتني,0.875,0.125,0
عاشق,0.875,0.125,0
با محبت,0.75,0.25,0
وفادار,0.75,0.25,0
بی وفا,0,0.25,0.75
روشن است,0.875,0.125,0
شانس,0.875,0.125,0
خوش شانس,0.75,0.25,0
لوکس,0.875,0.125,0
شعبده بازي,0.75,0.25,0
جادویی,0,0.375,0.625
با شکوه,0.5,0.25,0.25
استاد,0.75,0.25,0
بلوغ,0.75,0.25,0
مهربان,0.25,0.75,0
شفقت,0.75,0.25,0
رحمت,0.875,0.125,0
شایستگی,0.875,0.125,0
جشن گرفتن,0.75,0.25,0
جالب,0.875,0.125,0
معجزه,0.875,0.125,0
فروتنی,0.75,0.25,0
اخلاق,0.75,0.25,0
شسته و رفته,0.5,0.5,0
نجیب,0.25,0.75,0
تغذیه,0,1,0
تازگی,0.75,0.25,0
وسواس,0.25,0.75,0
باز بودن,0.25,0.5,0.25
خوش بینی,0.875,0.125,0
خوش بینانه,0.875,0.125,0
منظم,0.75,0.25,0
به ناز پروردن,0.75,0.25,0
بهشت,0.5,0.5,
عفو,0.75,0.25,0
شور,0.75,0.25,0
صبور,0.25,0.75,0
صلح,0.75,0.25,0
صلح آمیز,0.875,0.125,0
بی پروا,0.875,0.125,0
کامل,0.25,0.75,0
کمال,0,0.5,0.5
دلپذیر,0.25,0.75,0
خوشحال,0.75,0.25,0
خوش,0.875,0.125,0
لذت بخش,0.875,0.125,0
لذیذ,0.75,0.25,0
فراوان,0.75,0.25,0
با ادب,0.25,0.75,0
مؤمن,0.75,0.25,0
محبوب,0.75,0.25,0
قابل حمل,0.25,0.75,0
جالب,0.25,0.75,0
مثبت,0.75,0.25,0
قدرتمند,0.875,0.125,0
ستایش,0.875,0.125,0
گرانبها,0.75,0.25,0
دقیق,0.75,0.25,0
ترجیح دادن,0.5,0.25,0.25
اعتبار,0.75,0.25,0
بسیار,0.25,0.75,0
بی بها,0,0.75,0.25
غرور,0.25,0.5,0.25
سازنده,0.125,0.5,0.375
عمیق,0.875,0.125,0
پیش رفتن,0.25,0.75,0
وعده,0,0.5,0.5
مناسب,0.25,0.75,0
رونق,0.875,0.125,0
رفاه,0.875,0.125,0
محال,0,0.75,0.25
حفاظت,0.25,0.75,0
محافظ,0.25,0.75,0
مغرور,0.375,0.625,0
مشخصه,0.125,0.5,0.375
خالص,0.25,0.75,0
واجد شرایط شدن,0.75,0.25,0
ساکت,0.25,0.75,0
آفتاب,0.25,0.75,0
گویا,0.25,0.75,0
قابل خواندن است,0.25,0.75,0
آماده,0.25,0.75,0
معقول,0.25,0.75,0
اطمینان,0.75,0.25,0
نا مطمئن,0,0.625,0.375
توصیه,0.5,0.5,0
وفق دادن,0.25,0.75,0
تازه کردن,0.25,0.75,0
پادشاه,0.25,0.75,0
غیر قابل اطمینان,0,0.5,0.5
شادی,0.875,0.125,0
تسکین,0.875,0.125,0
لذت بردن,0.75,0.25,0
رمزی,0.875,0.125,0
شهرت,0.25,0.75,0
توجه,0.25,0.75,0
استراحت,0.875,0.125,0
انقلابی,0.875,0.125,0
ثروت,0.375,0.25,0.375
درست,0.5,0.25,0.25
رومانتیک,0.875,0.125,0
بی خطر,0.875,0.125,0
سنت,0.75,0.25,0
عاقلانه,0.25,0.75,0
رضایت بخش,0.875,0.125,0
راضی,0.125,0.5,0.375
برآورده,0.875,0.125,0
رضایت بخش,0.25,0.75,0
پس انداز,0.25,0.75,0
خوش منظره,0.75,0.25,0
امن و امان,0.75,0.25,0
از خود راضی,0,0.25,0.75
احساسات,0.875,0.125,0
حساس,0,0.75,0.25
بی رحم,0,0.75,0.25
سکسی,0.5,0.125,0.375
براق,0.75,0.25,0
قابل توجه,0.25,0.75,0
مخلص,0.25,0.75,0
خلوص,0.75,0.25,0
مهارت,0.75,0.25,0
هوشمندانه,0.25,0.75,0
لبخند,0.75,0.25,0
صاف,0.75,0.25,0
دوستانه,0.75,0.25,0
نرم,0.75,0.25,0
دلسوز,0.25,0.75,0
با احترام,0.75,0.25,0
جامد,0,1,0
بزرگ,0,1,0
درخشش,0.25,0.75,0
دیدنی,0.25,0.75,0
روحانی,0.375,0.25,0.375
پایدار,0.875,0.125,0
تحریک,0,0.75,0.25
تحرک,0.5,0.5,0.5
سادگی,0.5,0.5,0
قوی,0.25,0.75,0
خسته شدن,0,0.75,0.25
خوش استیل,0,0.5,0.5
موفقیت,0.75,0.25,0
کافی است,0.75,0.25,0
برتر,0.25,0.75,0
حمایت کردن,0.75,0.25,0
عالی,0.75,0.25,0
بقاء,0.75,0.25,0
شیرین,0.25,0.75,0
شیرینی,0.25,0.75,0
سریع,0.25,0.75,0
استعداد,0.75,0.25,0
مناقصه,0.25,0.75,0
ملایم,0.75,0.25,0
ممنون,0.25,0.75,0
سپاسگزار,0.75,0.25,0
متفکر,0.875,0.125,0
ذهنیت,0.875,0.125,0
هیجان,0.25,0.75,0
هیجان انگیز,0.75,0.25,0
غلغلک دادن,0.25,0.75,0
مرتب,0.25,0.75,0
به موقع,0.75,0.25,0
تکان دادن,0.25,0.75,0
تیزی کردن,0.25,0.75,0
تالیف کردن,0.375,0.625,0
با هم بودن,0.25,0.75,0
بالا,0.25,0.75,0
آرام,0.25,0.75,0
آرامش,0.875,0.125,0
شفاف,0.875,0.125,0
گنج,0.25,0.75,0
مرسوم,0.75,0.25,0
پیروزمندانه,0.875,0.125,0
جایزه,0.875,0.125,0
اعتماد,0.75,0.25,0
قابل اعتماد,0.25,0.75,0
راستی,0.75,0.25,0
وحدت,0.25,0.75,0
نامحدود,0.75,0.25,0
بالا بردن,0.25,0.75,0
فایده,0.875,0.125,0
با ارزش,0.75,0.25,0
تنوع,0.875,0.125,0
احترام,0.375,0.625,0
همه کاره,0.25,0.75,0
پر جنب و جوش,0.25,0.75,0
تقوا,0.375,0.25,0.375
گرم,0.75,0.25,0
خونگرم,0.25,0.75,0
گرما,0.25,0.75,0
ثروتمند,0.25,0.75,0
خوش آمد,0.25,0.75,0
خوب,0.75,0.25,0
پیروزی,0.75,0.25,0
برنده,0.75,0.25,0
حکمت,0.75,0.25,0
عاقل,0.25,0.75,0
تعجب,0.25,0.5,0.25
فوق العاده,0.25,0.75,0
تعالی,0.875,0.125,0
شگفت آور,0.875,0.125,0
ارزش,0.875,0.125,0
مشتاق,0.875,0.125,0
اوج,0.25,0.75,0
خستگی,0.75,0.25,0
فرشته,0.25,0.75,0
مشتاقانه,0.75,0.25,0
وحشت آور,0,0.25,0.75
ستون فقرات,0,0.25,0.75
محبوب,0.375,0.25,0.375
شجاعت,0.25,0.75,0
آرام,0.875,0.125,0
قهرمان,0.875,0.125,0
ترحم,0.25,0.5,0.25
متمم,0,0.875,0.125
سرد کردن,0.375,0.125,0.5
جسور,0.5,0.5,0
مشتاق,0.5,0.5,0
بالا بردن,0,1,0
لذت بردن,0.75,0.25,0
بذل,0.5,0.5,0
حسود,0,0.125,0.875
بهتر,0.5,0.5,0
فوق العاده,0.75,0.25,0
لطف,0.875,0.125,0
غرامت,0.875,0.125,0
قابل انعطاف,0.375,0.625,0
تازه,0.25,0.75,0
افتخار,0.5,0.25,0.25
بهشت,0.875,0.125,0
تند,0.75,0.25,0
در آغوش گرفتن,0,0.875,0.125
مهم,0.75,0.25,0
بهبود,0.25,0.75,0
معجزه,0.875,0.125,0
مرتب,0.75,0.25,0
خوب,0.75,0.25,0
غره,0.875,0.125,0
معقول,0.5,0.5,0
ثروتمند,0.75,0.25,0
حساس,0.5,0.25,0.25
خلوص,0.25,0.75,0
نرم,0.75,0.25,0
استوار,0.25,0.75,0
مناقصه,0.5,0.5,0
سپاسگزار,0.75,0.25,0
شفاف,0.875,0.125,0
اعتماد,0.25,0.75,0
قابل اعتماد,0.25,0.75,0
وحدت,0.75,0.25,0
همه کاره,0.75,0.25,0
گرم,0.25,0.75,0
گرما,0.25,0.75,0
ناگهان,0,0.75,0.25
تجاوز,0,0.875,0.125
وحشت زده,0,0.25,0.75
مبهم,0,0.25,0.75
آزار دهنده,0,0.25,0.75
بهمن,0,0.125,0.875
بد,0,0.25,0.75
بي نتيجه کردن,0,0.125,0.875
داغ,0,0.375,0.625
سردرگم,0,0.25,0.75
ترد,0,0.25,0.75
گردن کلفت,0,0.25,0.75
قتل عام,0,0.375,0.625
تلفات,0,0.25,0.75
ارزان,0,0.25,0.75
اجبار,0,0.25,0.75
علاقه مند,0,0.25,0.75
محافظه کار,0.375,0.5,0.125
فاسد,0,0.25,0.75
شکاف,0,0.25,0.75
خام,0,0.875,0.125
صدمه زدن,0,0.25,0.75
خطر,0,0.25,0.75
خطرناک,0,0.25,0.75
بي جرات کردن,0,0.25,0.75
گول زدن,0,0.25,0.75
افسرده,0,0.125,0.875
مخرب,0,0.125,0.875
مشکل,0,0.375,0.625
خاک,0,0.25,0.75
شرم آور,0,0.25,0.75
متقلب,0,0.25,0.75
مختل,0,0.25,0.75
شک,0,0.25,0.75
مست,0,0.25,0.75
خصومت,0,0.75,0.25
غلط,0,0.125,0.875
گران,0,0.25,0.75
چاق,0,0.875,0.125
شل,0,0.25,0.75
نقص,0,0.25,0.75
سوسو زدن,0,0.25,0.75
شکننده,0,0.875,0.125
وحشتناک,0,0.25,0.75
منجمد,0,0.25,0.75
چرب,0,0.875,0.125
توهم,0,0.875,0.125
مخوف,0,0.25,0.75
نادان,0,0.25,0.75
بي تفاوت,0,0.25,0.75
وقفه,0,0.875,0.125
عدم تحمل,0,0.875,0.125
حسادت,0,0.25,0.75
جوکر,0,0.125,0.875
تنبل,0.375,0.625,0
غارت کردن,0,0.25,0.75
بازنده,0,0.25,0.75
قاتل,0,0.25,0.75
اسطوره,0,0.25,0.75
کابوس,0,0.875,0.125
مانع,0,0.25,0.75
فرد,0,1,0
درد,0,0.875,0.125
کم رنگ,0,0.25,0.75
طاعون,0,0.25,0.75
نژاد پرست,0,0.25,0.75
متاسف,0,0.25,0.75
امتناع,0,0.125,0.875
دفع کردن,0,0.25,0.75
استعفا,0,0.75,0.25
افتضاح,0,0.25,0.75
ترسناک,0,0.25,0.75
قراضه,0,0.125,0.875
کم عمق,0,0.25,0.75
تکان دهنده,0,0.875,0.125
کمبود,0,0.875,0.125
لکنت,0,0.25,0.75
خفه شدن,0,0.875,0.125
اخم,0,0.25,0.75
علامت,0,1,0
تابو,0,0.875,0.125
وسوسه,0,0.25,0.75
ترور,0,0.25,0.75
شعبده بازي,0,0.25,0.75
ظلم,0,0.375,0.625
ارتعاش,0,0.25,0.75
نگران کننده,0,0.875,0.125
مرده,0,0.25,0.75
بدبختی,0,0.75,0.25
تشدید کننده,0,0.125,0.875
خشونت آمیز,0,0.75,0.25
ناراحتی,0,0.125,0.875
بیگانه,0,0.125,0.875
خشم,0,0.75,0.25
خشمگین,0,0.125,0.875
غم و اندوه,0,0.125,0.875
مزاحم,0,0.125,0.875
اضطراب,0,0.125,0.875
بی تفاوتی,0,0.25,0.75
شگفت انگیز,0,0.875,0.125
نگران کننده است,0,0.875,0.125
متاسفانه,0,0.25,0.75
غرور,0,0.25,0.75
حمله,0,1,0
جادوگر,0,0.25,0.75
ناامیدی,0.375,0.5,0.125
اوباش,0,0.125,0.875
از دست دادن,0,0.875,0.125
خیانت,0,0.875,0.125
تعصب,0,0.25,0.75
خستگی,0,0.875,0.125
مزخرف,0,0.375,0.625
فاجعه,0,0.125,0.875
چاقو,0.125,0.5,0.375
شاد,0,1,0
سرماخوردگی,0,0.5,0.5
سر و صدا,0,0.125,0.875
افسون,0,1,0
نگرانی,0,0.375,0.625
نگران,0,0.25,0.75
اشتباه,0,0.25,0.75
تهدید,0,0.25,0.75
تحقیر,0,0.25,0.75
دیوانه,0,0.125,0.875
جرم,0,0.125,0.875
بی رحمانه,0,0.25,0.75
فرو ریختن,0,0.875,0.125
لعنت,0,0.875,0.125
بدبینانه,0,0.25,0.75
نالایق,,0.25,0.75
خیره کننده,0.75,0.25,0
متزلزل,0,0.875,0.125
مرگبار,0,0.25,0.75
مرگ موش,0,0.875,0.125
فریب,0,0.875,0.125
فریبا,0.75,0.25,0
کثافت,0,0.25,0.75
کمبود,0,0.25,0.75
تخریب,0,0.875,0.125
انکار,0,0.875,0.125
ناامید کننده,0,0.875,0.125
افسردگی,0,0.125,0.875
نفرت,0,0.125,0.875
نفع,0.875,0.125,
شیطان,0,0.125,0.875
کثیف,0,0.25,0.75
اختلاف نظر,0,0.25,0.75
بی نسیب,0,0.25,0.75
ناکارآمد,0,0.125,0.875
آشفتگی,0,0.125,0.875
رسوایی,0,0.25,0.75
ناراحت,0,0.25,0.75
دلهره آور,0,0.125,0.875
بی عدالتی,0,0.125,0.875
ناراحت کننده,0.125,0.125,0.75
بی نظیر,0,0.125,0.875
تحریک شده,0.375,0.5,0.125
تحریک کننده,0,0.75,0.25
ناخوشایند,0,0.75,0.25
نادیده گرفتن,0,0.125,0.875
پریشانی,0,0.25,0.75
بی اعتمادی,0,0.75,0.25
ضعیف,0,0.125,0.875
خراب کردن,0,0.125,0.875
خسته کننده,0,0.25,0.75
زباله,0,0.25,0.75
دشمن,0,0.875,0.125
عجیب,0,0.25,0.75
شکست,0,0.875,0.125
جعلی,0,0.25,0.75
سقوط,0,0.25,0.75
دروغ,0,0.25,0.75
ترس,0,0.25,0.75
بی نظمی,0,0.25,0.75
خنده دار,0,0.25,0.75
شدید,0.375,0.625,0
احمقانه,0.375,0.5,0.125
ضمانت,0,0.25,0.75
فضیلت,0.375,0.625,0
ترساندن,0.375,0.5,0.125
خرابکاری,0,0.125,0.875
بیهوده,0,0.25,0.75
درخشان,0,0.25,0.75
غم انگیز,0.5,0.5,0
مسخره,0,0.125,0.875
گریه کن,0,0.25,0.75
مضطرب,0,0.875,0.125
گناه,0,0.125,0.875
بی رحم,0,0.125,0.875
آزار و اذیت,0,0.125,0.875
سخت,0,0.125,0.875
خساست,0,0.875,0.125
صدمه,0,0.125,0.875
هیستریک,0,1,0
نومیدی,0,0.25,0.75
بی ادبانه,0,0.25,0.75
بیماری,0,0.25,0.75
تخیلی,0,0.875,0.125
زندان,0,0.875,0.125
تحریک,0,0.125,0.875
سوزش,0,0.25,0.75
ناامن,0,0.875,0.125
توهین,0,0.25,0.75
مسمومیت,0,0.25,0.75
لعنتی,0,0.375,0.625
ملایم,0,0.125,0.875
تنهایی,0.25,0.5,0.25
آرامش,0,0.875,0.125
بدبخت,0.875,0.125,0
هیجان انگیز,0,0.125,0.875
مودبانه,0.875,0.125,0
تهوع,0.375,0.5,0.125
سرکوبگر,0,0.125,0.875
غرق شدن,0,0.125,0.875
دردناک,0,0.25,0.75
درخواست,0,0.25,0.75
سم,0,0.875,0.125
سفیه,0,0.25,0.75
ریل,0,0.25,0.75
خر,0,0.875,0.125
سخاوتمندانه,0,0.75,0.25
با احترام,0.75,0.25,0
شورش,0.75,0.25,0
غمگین,0,0.25,0.75
عاقلانه,0,0.25,0.75
جدی,0.75,0.25,0
تکان دادن,0,1,0
چرت زدن,0,0.875,0.125
بیمار,0,0.875,0.125
خفگی,0,0.125,0.875
گرسنگی,0,0.25,0.75
عصبانی,0,0.25,0.75
تنش,0,0.25,0.75
عجیب و غریب,0,0.875,0.125
انتقام,0.125,0.5,0.375
دستاورد,0.5,0.5,0
قابل تحسین,0.25,0.75,0
تحسین,0.875,0.125,0
عشق ورزیدن,0.75,0.25,0
مهربان,0.75,0.25,0
مثبت,0.875,0.125,0
شگفت آور,0.875,0.125,0
دوستانه,0.875,0.125,0
قدردانی,0.875,0.125,0
اشتیاق,0.75,0.25,0
جذاب,0.875,0.125,0
جایزه,0.25,0.75,0
ممنون,0.75,0.25,0
عالی,0.875,0.125,0
فدایی,0.5,0.5,0
رونق,0.875,0.125,0
شجاع,0.75,0.25,0
جشن گرفتن,0.75,0.25,0
جراحت,0,0.5,0.5
راحتی,0,0.25,0
رزق,0.25,0.75,0
دلسوز,0.75,0.25,0
درست,0.75,0.25,0
ظریف,0.75,0.25,0
خوشحال,0.75,0.25,0
مطلوب,0.875,0.125,0
مقدس,0.875,0.125,0
صادقانه,0.75,0.25,0
صمیمیت,0.875,0.125,0
تشویق,0.75,0.25,0
لذت بخش,0.875,0.125,0
هیجان زده,0.875,0.125,0
نامرتب,0.875,0.125,0
انعطاف پذیری,0.875,0.125,0
تعجب,0.5,0.5,0
خوشبختانه,0.625,0.25,0.125
وفاداری,0.875,0.125,0
شهرت,0.75,0.25,0
سریع,0.25,0.75,0
بی تردید,0.75,0.25,0
ثروت,0.25,0.75,0
آزادی,0.75,0.25,0
خوشبختی,0.875,0.125,0
رحمت,0.875,0.125,0
بزرگ,0.75,0.25,0
شادی,0.25,0.75,0
خوشحال,0.75,0.25,0
سالم,0.875,0.125,0
فروتنی,0.25,0.75,0
شوخ طبعی,0.75,0.25,0
جذابیت,0.75,0.25,0
جالب,0.875,0.125,0
دوست داشتنی,0.875,0.125,0
تغذیه,0.875,0.125,0
صلح آمیز,0.75,0.25,0
اوج,0.875,0.125,0
توجه,0.75,0.25,0
احترام,0.75,0.25,0
رضایت بخش,0.25,0.75,0
درخشش,0.875,0.125,0
پیروزی,0.25,0.75,0
با ارزش,0.875,0.125,0
فرح,0.875,0.125,0
بی شرف,0,0.25,0.75
شریف,0.875,0.125,0
نزاکت,0.75,0.25,0
